byproduct_id,main_category,sub_category,quantity_kg,moisture_level,perishability_hours,contamination,latitude,longitude,typical_reuse
1,Plant-Based,Fruit Pulp,1060,0.71,28,1,6.509905793442892,3.454453975689936,Compost
2,Oil & Fat,Used Cooking Oil,1315,0.09,592,0,6.4092075017923955,3.448280836423131,Biofuel
3,Oil & Fat,Used Cooking Oil,1578,0.13,273,1,6.42047391368521,3.2260071355876367,Biofuel
4,Plant-Based,Vegetable Residue,1502,0.6,40,0,6.440381881948612,3.409348661696568,Compost
5,Oil & Fat,Used Cooking Oil,756,0.12,474,0,6.6338736347111995,3.4774579306706417,Biofuel
6,Animal-Based,Poultry Residue,1583,0.84,8,0,6.544170852642966,3.4361487588156656,Bioenergy
7,Oil & Fat,Animal Fat Residue,543,0.13,358,0,6.535135792269156,3.221831289225778,Biofuel
8,Oil & Fat,Animal Fat Residue,1077,0.25,318,0,6.544389720131928,3.316392745636743,Biofuel
9,Plant-Based,Vegetable Residue,1067,0.78,31,0,6.695972905959588,3.3454187399821933,Compost
10,Oil & Fat,Animal Fat Residue,358,0.17,218,0,6.6380298523268,3.2681902717868687,Biofuel
11,Animal-Based,Fish Waste,882,0.78,7,0,6.549799427574369,3.336048573996982,Bioenergy
12,Oil & Fat,Used Cooking Oil,255,0.08,303,0,6.658893467892183,3.2668506675643587,Biofuel
13,Plant-Based,Fruit Pulp,1336,0.84,22,0,6.649246270120605,3.4709194573120032,Compost
14,Animal-Based,Dairy Whey,657,0.86,10,0,6.648654296705961,3.315462629592619,Animal Feed
15,Oil & Fat,Animal Fat Residue,1005,0.14,310,0,6.45562254128992,3.3308193196869573,Biofuel
16,Plant-Based,Root/Tuber Peels,1494,0.64,41,0,6.406849391453221,3.425007142686447,Animal Feed
17,Oil & Fat,Used Cooking Oil,1873,0.09,598,0,6.432327579198389,3.463740511856973,Biofuel
18,Oil & Fat,Used Cooking Oil,1372,0.15,561,0,6.650521807040243,3.204345338174671,Biofuel
19,Oil & Fat,Used Cooking Oil,1653,0.06,649,0,6.653361363320992,3.3594510387507315,Biofuel
20,Oil & Fat,Animal Fat Residue,1791,0.17,157,0,6.674901218423782,3.326487419409224,Biofuel
21,Animal-Based,Meat Trimmings,472,0.81,10,0,6.492795721652472,3.272199420330893,Bioenergy
22,Plant-Based,Vegetable Residue,86,0.66,36,1,6.503881333969115,3.2319395992538174,Compost
23,Oil & Fat,Used Cooking Oil,1733,0.08,625,0,6.585507645908047,3.395763757930416,Biofuel
24,Plant-Based,Vegetable Residue,532,0.75,42,0,6.6659550974984345,3.2413003702574157,Compost
25,Animal-Based,Fish Waste,1035,0.88,7,0,6.610979682227016,3.4932958853942937,Bioenergy
26,Oil & Fat,Used Cooking Oil,755,0.07,180,0,6.491081774660993,3.263849391997987,Biofuel
27,Oil & Fat,Used Cooking Oil,374,0.14,347,1,6.551571003389144,3.2141710994921557,Biofuel
28,Animal-Based,Fish Waste,1352,0.89,7,0,6.479865391122523,3.2720051611104735,Bioenergy
29,Plant-Based,Root/Tuber Peels,1411,0.67,57,1,6.433199862437442,3.2298257160395907,Animal Feed
30,Oil & Fat,Animal Fat Residue,156,0.21,321,0,6.630796439050941,3.4062042948517472,Biofuel
31,Oil & Fat,Used Cooking Oil,498,0.06,566,0,6.6429021245025295,3.3381887016981073,Biofuel
32,Plant-Based,Root/Tuber Peels,1026,0.66,58,1,6.5969002067235225,3.38166393164093,Animal Feed
33,Oil & Fat,Animal Fat Residue,1374,0.23,244,0,6.562347971839037,3.3172543584616787,Biofuel
34,Plant-Based,Vegetable Residue,983,0.76,32,0,6.485487945217527,3.3607476562342105,Compost
35,Oil & Fat,Used Cooking Oil,976,0.1,693,0,6.557139083596995,3.4576753723188665,Biofuel
36,Oil & Fat,Used Cooking Oil,1922,0.11,577,0,6.551547091695263,3.490433559074029,Biofuel
37,Oil & Fat,Animal Fat Residue,937,0.23,218,0,6.586660103640879,3.4065925702014015,Biofuel
38,Oil & Fat,Used Cooking Oil,1935,0.06,170,0,6.582342061360215,3.3687165530805885,Biofuel
39,Plant-Based,Grain Husk,911,0.24,220,0,6.465828500993165,3.28940748550484,Animal Feed
40,Plant-Based,Grain Husk,355,0.29,213,0,6.6345439393988075,3.3779558228727087,Animal Feed
41,Oil & Fat,Used Cooking Oil,808,0.11,448,0,6.545583697442473,3.2515616748697873,Biofuel
42,Plant-Based,Grain Husk,281,0.13,224,0,6.5484832277007055,3.3115925525860836,Animal Feed
43,Oil & Fat,Animal Fat Residue,201,0.12,194,0,6.516481633763164,3.3773791722379265,Biofuel
44,Plant-Based,Vegetable Residue,1136,0.68,33,0,6.433494151576459,3.2504302812258787,Compost
45,Plant-Based,Root/Tuber Peels,726,0.76,66,0,6.569201590771148,3.2682370422977702,Animal Feed
46,Animal-Based,Poultry Residue,1259,0.81,7,0,6.4357642128155215,3.314556449892603,Bioenergy
47,Plant-Based,Fruit Pulp,1140,0.81,28,0,6.637356482417767,3.2121800298524943,Compost
48,Plant-Based,Grain Husk,95,0.11,154,1,6.515136773875655,3.3594378819914144,Animal Feed
49,Animal-Based,Fish Waste,868,0.83,7,0,6.5833054859999995,3.2388362934159063,Bioenergy
50,Plant-Based,Vegetable Residue,1581,0.76,43,0,6.523511544359367,3.4791961485670972,Compost
51,Plant-Based,Grain Husk,557,0.24,130,0,6.570243767683673,3.290686388981666,Animal Feed
52,Oil & Fat,Used Cooking Oil,1920,0.06,243,0,6.657248545053076,3.230008846843369,Biofuel
53,Plant-Based,Vegetable Residue,1400,0.71,31,0,6.550549563510089,3.285453623683103,Compost
54,Oil & Fat,Used Cooking Oil,1719,0.06,231,0,6.4922849177209185,3.306062097591647,Biofuel
55,Oil & Fat,Used Cooking Oil,79,0.1,509,0,6.683057781670772,3.258458416224516,Biofuel
56,Animal-Based,Dairy Whey,1721,0.89,20,0,6.637281873933799,3.4570158681601555,Animal Feed
57,Plant-Based,Grain Husk,1990,0.17,144,1,6.437704167895915,3.310698245351186,Animal Feed
58,Oil & Fat,Used Cooking Oil,89,0.09,475,0,6.627790132323607,3.3481632961260916,Biofuel
59,Plant-Based,Root/Tuber Peels,1507,0.65,46,0,6.538805960300781,3.324472826724797,Animal Feed
60,Oil & Fat,Used Cooking Oil,1299,0.11,407,0,6.412006720549756,3.4568199594449385,Biofuel
61,Plant-Based,Vegetable Residue,856,0.64,45,1,6.522483513294776,3.210073381387265,Compost
62,Plant-Based,Fruit Pulp,1679,0.8,14,0,6.638918671390387,3.249491307999343,Compost
63,Oil & Fat,Animal Fat Residue,1755,0.13,197,1,6.521416031501145,3.4187201943048886,Biofuel
64,Oil & Fat,Animal Fat Residue,531,0.22,283,0,6.555558600944423,3.2340241573907513,Biofuel
65,Plant-Based,Fruit Pulp,1477,0.86,31,0,6.513658507817386,3.306115561165774,Compost
66,Plant-Based,Root/Tuber Peels,1544,0.8,69,0,6.439654703927099,3.212114236107677,Animal Feed
67,Plant-Based,Fruit Pulp,1398,0.79,27,0,6.583723545486171,3.4242477615130826,Compost
68,Oil & Fat,Used Cooking Oil,1960,0.11,195,0,6.5681626792481085,3.2311640008462663,Biofuel
69,Oil & Fat,Animal Fat Residue,927,0.14,331,0,6.431138088550326,3.4422557455143163,Biofuel
70,Plant-Based,Grain Husk,1659,0.14,153,0,6.40368776217482,3.3526457186903937,Animal Feed
71,Oil & Fat,Used Cooking Oil,1292,0.14,590,0,6.590362305798604,3.303224937190694,Biofuel
72,Oil & Fat,Used Cooking Oil,878,0.14,626,0,6.670660666352909,3.4036314923359883,Biofuel
73,Animal-Based,Meat Trimmings,1394,0.73,7,1,6.572365273407224,3.4391738882626774,Bioenergy
74,Oil & Fat,Animal Fat Residue,1629,0.2,195,0,6.652215083971732,3.483778920593332,Biofuel
75,Oil & Fat,Used Cooking Oil,1285,0.11,398,0,6.60342266041091,3.424620113122537,Biofuel
76,Oil & Fat,Used Cooking Oil,664,0.15,259,1,6.543032431141705,3.4429795548683417,Biofuel
77,Animal-Based,Meat Trimmings,970,0.84,8,0,6.437163877660111,3.4745945930570152,Bioenergy
78,Animal-Based,Dairy Whey,1663,0.93,18,0,6.61472759551964,3.3147091574201024,Animal Feed
79,Oil & Fat,Used Cooking Oil,1546,0.1,581,0,6.406954398347015,3.387386684674002,Biofuel
80,Plant-Based,Grain Husk,426,0.24,136,0,6.622127165743884,3.255044398780963,Animal Feed
81,Plant-Based,Root/Tuber Peels,1555,0.76,47,0,6.419807397883383,3.4132154269184496,Animal Feed
82,Oil & Fat,Animal Fat Residue,1062,0.24,341,0,6.643348610247397,3.2519488594047816,Biofuel
83,Animal-Based,Fish Waste,1748,0.78,8,1,6.451823678645977,3.230523734110381,Bioenergy
84,Oil & Fat,Animal Fat Residue,998,0.17,201,0,6.670031498773277,3.4489199247525573,Biofuel
85,Plant-Based,Vegetable Residue,141,0.6,38,0,6.696618313201361,3.4689693050785855,Compost
86,Animal-Based,Poultry Residue,199,0.67,8,1,6.667828262495475,3.4086173002850972,Bioenergy
87,Oil & Fat,Used Cooking Oil,845,0.13,691,1,6.582244385069432,3.3816322722173777,Biofuel
88,Plant-Based,Root/Tuber Peels,505,0.53,46,0,6.5619428289719295,3.3825425474709205,Animal Feed
89,Oil & Fat,Used Cooking Oil,1500,0.13,557,0,6.661769809658499,3.3758220871663194,Biofuel
90,Plant-Based,Vegetable Residue,501,0.83,44,0,6.507034184859914,3.214477948162383,Compost
91,Oil & Fat,Animal Fat Residue,1972,0.19,249,0,6.667727173426098,3.399787510684881,Biofuel
92,Oil & Fat,Animal Fat Residue,1365,0.22,324,0,6.496167296212145,3.3841584730445926,Biofuel
93,Oil & Fat,Used Cooking Oil,1752,0.12,532,0,6.67301935789242,3.2596576160111495,Biofuel
94,Plant-Based,Fruit Pulp,696,0.84,29,0,6.597137161227502,3.3220589642212217,Compost
95,Oil & Fat,Animal Fat Residue,122,0.25,127,0,6.509077609099941,3.4636677745841697,Biofuel
96,Oil & Fat,Used Cooking Oil,1882,0.13,370,0,6.630139354266434,3.365633835984729,Biofuel
97,Animal-Based,Meat Trimmings,1235,0.69,8,0,6.469882486762148,3.479540527761671,Bioenergy
98,Plant-Based,Fruit Pulp,1449,0.89,13,0,6.528185894762083,3.366030500312255,Compost
99,Oil & Fat,Animal Fat Residue,1119,0.24,187,0,6.569719292806678,3.3663664129907716,Biofuel
100,Animal-Based,Fish Waste,397,0.88,9,0,6.538795664363975,3.399434810223868,Bioenergy
101,Animal-Based,Dairy Whey,317,0.92,19,1,6.6955951590158564,3.2752532904929845,Animal Feed
102,Plant-Based,Fruit Pulp,1109,0.78,27,0,6.472227839459625,3.4366115773775703,Compost
103,Animal-Based,Fish Waste,224,0.71,7,0,6.544885573274483,3.3985294216908817,Bioenergy
104,Oil & Fat,Used Cooking Oil,1381,0.06,608,0,6.455019088284334,3.3834660852180414,Biofuel
105,Animal-Based,Dairy Whey,1787,0.86,17,0,6.6684659075899,3.2334944823390956,Animal Feed
106,Plant-Based,Fruit Pulp,1563,0.75,23,0,6.517399323811661,3.4188722298341845,Compost
107,Plant-Based,Vegetable Residue,307,0.62,36,0,6.605321041938428,3.2020424881412013,Compost
108,Plant-Based,Grain Husk,122,0.17,122,0,6.597096314275714,3.3627068735938543,Animal Feed
109,Oil & Fat,Animal Fat Residue,909,0.16,283,0,6.400117566136458,3.2979207142452953,Biofuel
110,Oil & Fat,Animal Fat Residue,257,0.2,314,0,6.668249708637957,3.3494424192706793,Biofuel
111,Oil & Fat,Used Cooking Oil,1025,0.07,563,0,6.547376945152138,3.292864623778787,Biofuel
112,Plant-Based,Vegetable Residue,989,0.81,35,0,6.501962878804477,3.2049657338053756,Compost
113,Plant-Based,Fruit Pulp,1648,0.89,26,0,6.623229560871612,3.383189655217986,Compost
114,Plant-Based,Root/Tuber Peels,1988,0.72,65,1,6.521299342980527,3.390296347379994,Animal Feed
115,Plant-Based,Grain Husk,1315,0.16,231,0,6.599367421667796,3.388058825376076,Animal Feed
116,Animal-Based,Dairy Whey,1961,0.89,20,0,6.431728874451531,3.230354607240228,Animal Feed
117,Animal-Based,Fish Waste,1748,0.72,7,0,6.699074670257389,3.2073758405164803,Bioenergy
118,Oil & Fat,Animal Fat Residue,283,0.18,177,1,6.428998858371418,3.491525137866066,Biofuel
119,Oil & Fat,Animal Fat Residue,210,0.12,210,0,6.533697932509299,3.4950587900771986,Biofuel
120,Oil & Fat,Animal Fat Residue,1533,0.12,316,0,6.49170710545231,3.3269193774319725,Biofuel
121,Animal-Based,Meat Trimmings,1728,0.76,8,1,6.540151269360354,3.2014972763021152,Bioenergy
122,Oil & Fat,Animal Fat Residue,1899,0.17,206,0,6.645074601165993,3.331568166242565,Biofuel
123,Animal-Based,Poultry Residue,1944,0.7,7,0,6.599446875971649,3.3585053261723488,Bioenergy
124,Oil & Fat,Used Cooking Oil,83,0.14,337,1,6.517493682012366,3.2442313211978338,Biofuel
125,Plant-Based,Root/Tuber Peels,570,0.66,52,0,6.587930301832239,3.2069681360799933,Animal Feed
126,Plant-Based,Vegetable Residue,1049,0.66,39,0,6.632350470763067,3.3762731714025658,Compost
127,Oil & Fat,Animal Fat Residue,1955,0.22,305,1,6.5865055229210405,3.2267870114334816,Biofuel
128,Oil & Fat,Animal Fat Residue,1800,0.22,233,0,6.576453292932557,3.3284477087682793,Biofuel
129,Plant-Based,Root/Tuber Peels,1054,0.58,30,0,6.6900628627837735,3.2550186802358203,Animal Feed
130,Plant-Based,Vegetable Residue,656,0.76,24,0,6.532136045586173,3.4606672500449407,Compost
131,Animal-Based,Poultry Residue,1674,0.82,10,0,6.488575825928783,3.3505594901903804,Bioenergy
132,Animal-Based,Dairy Whey,221,0.92,12,0,6.498421539867434,3.2713542112578557,Animal Feed
133,Plant-Based,Vegetable Residue,1905,0.75,34,1,6.533080681877037,3.2779005892695317,Compost
134,Oil & Fat,Used Cooking Oil,1819,0.07,584,0,6.63987739728589,3.230412704050714,Biofuel
135,Oil & Fat,Used Cooking Oil,378,0.08,317,1,6.585198932618995,3.392056571175492,Biofuel
136,Animal-Based,Meat Trimmings,1994,0.73,8,0,6.684965293687548,3.3489910897355313,Bioenergy
137,Plant-Based,Vegetable Residue,852,0.74,30,0,6.599659599474203,3.3041945632100322,Compost
138,Oil & Fat,Used Cooking Oil,752,0.1,427,0,6.424067426578152,3.452166058823742,Biofuel
139,Plant-Based,Grain Husk,109,0.14,138,0,6.409250311650903,3.474825555278497,Animal Feed
140,Animal-Based,Fish Waste,373,0.72,6,0,6.65056313715488,3.442539880942144,Bioenergy
141,Animal-Based,Fish Waste,1232,0.85,7,0,6.670773786517946,3.490381507829816,Bioenergy
142,Plant-Based,Grain Husk,915,0.11,173,0,6.681056629084597,3.495058221379338,Animal Feed
143,Plant-Based,Grain Husk,1152,0.2,131,0,6.612377675454475,3.4014551257248518,Animal Feed
144,Animal-Based,Fish Waste,426,0.7,4,0,6.583852522568013,3.3291031192957083,Bioenergy
145,Animal-Based,Dairy Whey,1666,0.91,14,0,6.662571877204876,3.3963523669352456,Animal Feed
146,Plant-Based,Fruit Pulp,1595,0.75,17,0,6.654494495581033,3.3705612155834253,Compost
147,Animal-Based,Dairy Whey,1211,0.9,18,0,6.517305060326689,3.210901943105506,Animal Feed
148,Animal-Based,Dairy Whey,1033,0.89,20,1,6.533627844658455,3.432606997096567,Animal Feed
149,Animal-Based,Poultry Residue,189,0.71,8,1,6.683389215219059,3.4851664933155124,Bioenergy
150,Plant-Based,Grain Husk,255,0.18,181,1,6.698625287507123,3.3412645432928443,Animal Feed
151,Plant-Based,Root/Tuber Peels,580,0.53,35,0,6.623808535429352,3.3280429043052195,Animal Feed
152,Oil & Fat,Animal Fat Residue,861,0.13,276,0,6.559137776704225,3.446828585420203,Biofuel
153,Animal-Based,Fish Waste,315,0.85,4,0,6.547322968807267,3.2794828595359364,Bioenergy
154,Plant-Based,Root/Tuber Peels,1752,0.52,62,0,6.547109842391254,3.436520345505796,Animal Feed
155,Oil & Fat,Animal Fat Residue,1903,0.14,303,1,6.55977373693529,3.4857489045873837,Biofuel
156,Plant-Based,Root/Tuber Peels,1324,0.56,61,0,6.532810055397142,3.4653263551152484,Animal Feed
157,Animal-Based,Fish Waste,910,0.88,7,0,6.665329592322248,3.2529039956770625,Bioenergy
158,Oil & Fat,Used Cooking Oil,1973,0.1,271,0,6.464997445828707,3.253201025544023,Biofuel
159,Plant-Based,Grain Husk,537,0.14,138,0,6.6501330953713955,3.3698356246850922,Animal Feed
160,Plant-Based,Root/Tuber Peels,942,0.55,26,0,6.453588505955723,3.47557876989901,Animal Feed
161,Plant-Based,Root/Tuber Peels,1457,0.52,52,0,6.458896451222017,3.351594399240212,Animal Feed
162,Plant-Based,Fruit Pulp,409,0.78,31,0,6.4591971881981936,3.353563506303645,Compost
163,Oil & Fat,Animal Fat Residue,194,0.11,178,0,6.692277613361723,3.358758190510185,Biofuel
164,Plant-Based,Root/Tuber Peels,1882,0.52,45,0,6.646188764934611,3.200494750430491,Animal Feed
165,Oil & Fat,Animal Fat Residue,255,0.16,315,0,6.471103134341964,3.2237869205585388,Biofuel
166,Plant-Based,Grain Husk,420,0.2,191,0,6.628577304575752,3.3215851797439884,Animal Feed
167,Oil & Fat,Animal Fat Residue,1986,0.22,183,0,6.592611217812797,3.275530447804948,Biofuel
168,Plant-Based,Root/Tuber Peels,332,0.69,40,0,6.446589789936389,3.2653899859304545,Animal Feed
169,Plant-Based,Grain Husk,1275,0.2,150,0,6.424161784197202,3.357053018763983,Animal Feed
170,Plant-Based,Vegetable Residue,769,0.7,27,0,6.474101319139626,3.3877683723582694,Compost
171,Plant-Based,Fruit Pulp,1645,0.74,30,0,6.496794713080075,3.2057855165472873,Compost
172,Plant-Based,Vegetable Residue,1620,0.72,39,0,6.671559341641762,3.4805439668393086,Compost
173,Oil & Fat,Animal Fat Residue,365,0.1,148,0,6.50939972524986,3.2483388868462555,Biofuel
174,Oil & Fat,Animal Fat Residue,1251,0.19,201,1,6.526858660923264,3.2513646649595453,Biofuel
175,Oil & Fat,Used Cooking Oil,704,0.07,432,0,6.5535146668839905,3.2526046122497156,Biofuel
176,Oil & Fat,Animal Fat Residue,998,0.1,225,0,6.451198814493692,3.423677504261885,Biofuel
177,Plant-Based,Root/Tuber Peels,961,0.54,43,0,6.573258714194209,3.280417815071074,Animal Feed
178,Oil & Fat,Animal Fat Residue,1936,0.2,300,0,6.516997782634179,3.3970719236813376,Biofuel
179,Animal-Based,Fish Waste,1618,0.73,8,0,6.450302050412865,3.3468489746530037,Bioenergy
180,Plant-Based,Grain Husk,125,0.25,159,0,6.572552961692742,3.3765400898465985,Animal Feed
181,Plant-Based,Root/Tuber Peels,430,0.77,36,0,6.481339317089307,3.3776903737728308,Animal Feed
182,Oil & Fat,Animal Fat Residue,1689,0.2,254,1,6.5937168347724056,3.2846938018722223,Biofuel
183,Animal-Based,Meat Trimmings,524,0.71,10,1,6.654360980714585,3.4896082144081086,Bioenergy
184,Animal-Based,Poultry Residue,1664,0.78,11,0,6.669113892062755,3.2406618758240677,Bioenergy
185,Plant-Based,Vegetable Residue,688,0.74,24,1,6.600402115337403,3.419880331491172,Compost
186,Animal-Based,Dairy Whey,1968,0.93,21,1,6.635566579503113,3.2230172403484687,Animal Feed
187,Plant-Based,Root/Tuber Peels,1272,0.64,39,0,6.441351859930746,3.4037604245191537,Animal Feed
188,Plant-Based,Fruit Pulp,1835,0.8,25,0,6.694570249252354,3.2396926794820566,Compost
189,Oil & Fat,Animal Fat Residue,1226,0.12,202,0,6.690442110383924,3.2450029689987248,Biofuel
190,Oil & Fat,Used Cooking Oil,1704,0.13,241,1,6.670378301937848,3.229700696672995,Biofuel
191,Oil & Fat,Used Cooking Oil,1468,0.05,467,0,6.553113927867955,3.4606010854937894,Biofuel
192,Animal-Based,Dairy Whey,132,0.87,14,0,6.628629127936726,3.3458207833647737,Animal Feed
193,Oil & Fat,Used Cooking Oil,611,0.14,367,0,6.480642603907611,3.263832897855771,Biofuel
194,Animal-Based,Poultry Residue,1747,0.83,9,0,6.519909142036527,3.421815461663561,Bioenergy
195,Animal-Based,Poultry Residue,891,0.82,10,0,6.413001497850226,3.367032705622017,Bioenergy
196,Plant-Based,Fruit Pulp,946,0.83,32,0,6.67541963302704,3.332306831744695,Compost
197,Animal-Based,Poultry Residue,764,0.78,10,0,6.495638041166088,3.2353395952839876,Bioenergy
198,Oil & Fat,Used Cooking Oil,711,0.12,557,0,6.42620616413321,3.2513736289316952,Biofuel
199,Animal-Based,Poultry Residue,1796,0.68,10,0,6.482509836634815,3.3393211958907267,Bioenergy
200,Plant-Based,Fruit Pulp,1160,0.82,27,0,6.685304655360342,3.4988269208752207,Compost
201,Animal-Based,Poultry Residue,346,0.75,11,0,6.445652562640776,3.2971367405263114,Bioenergy
202,Plant-Based,Vegetable Residue,1649,0.75,36,0,6.609205633073457,3.382514017638712,Compost
203,Animal-Based,Fish Waste,713,0.86,9,0,6.59858591231193,3.2376668344159643,Bioenergy
204,Animal-Based,Dairy Whey,1298,0.86,18,0,6.4867906594752345,3.4424447788570562,Animal Feed
205,Animal-Based,Fish Waste,376,0.72,4,0,6.629762257364157,3.4517044287341427,Bioenergy
206,Animal-Based,Dairy Whey,934,0.86,16,0,6.423955256017141,3.424908477330533,Animal Feed
207,Plant-Based,Vegetable Residue,233,0.62,32,0,6.635798138493344,3.389430423137076,Compost
208,Animal-Based,Fish Waste,249,0.85,7,0,6.437790911366628,3.219734110384755,Bioenergy
209,Animal-Based,Meat Trimmings,1645,0.82,7,0,6.599410216087068,3.2154405346539363,Bioenergy
210,Oil & Fat,Animal Fat Residue,249,0.15,204,0,6.476011102962384,3.2612312049367507,Biofuel
211,Oil & Fat,Used Cooking Oil,159,0.11,394,1,6.459736696082238,3.3368177349811345,Biofuel
212,Oil & Fat,Animal Fat Residue,1746,0.13,219,1,6.613989309425227,3.42464842179569,Biofuel
213,Animal-Based,Fish Waste,198,0.71,8,0,6.660944543125714,3.3293756402042396,Bioenergy
214,Animal-Based,Dairy Whey,1885,0.87,8,0,6.68765906613462,3.3969357791446773,Animal Feed
215,Plant-Based,Vegetable Residue,665,0.67,24,0,6.647916023624949,3.256396514869206,Compost
216,Oil & Fat,Used Cooking Oil,502,0.05,404,0,6.676003269526335,3.321151456109867,Biofuel
217,Animal-Based,Poultry Residue,473,0.78,9,0,6.665004821195154,3.41135073831313,Bioenergy
218,Animal-Based,Meat Trimmings,1529,0.79,9,0,6.424304951243611,3.497044067890644,Bioenergy
219,Plant-Based,Root/Tuber Peels,1463,0.69,70,0,6.644426595742684,3.327664423071736,Animal Feed
220,Animal-Based,Poultry Residue,1656,0.78,10,0,6.650217280207185,3.3915375664310035,Bioenergy
221,Animal-Based,Poultry Residue,1618,0.65,11,0,6.564011475415571,3.2441463243537725,Bioenergy
222,Plant-Based,Grain Husk,65,0.13,233,1,6.452214594484018,3.33600100929142,Animal Feed
223,Oil & Fat,Used Cooking Oil,580,0.08,710,0,6.523724987791192,3.4895672124084482,Biofuel
224,Plant-Based,Vegetable Residue,1847,0.68,47,0,6.510815390157118,3.264381351978038,Compost
225,Animal-Based,Dairy Whey,1343,0.92,14,0,6.436991588283121,3.4700600448852112,Animal Feed
226,Plant-Based,Vegetable Residue,1039,0.81,24,0,6.696089606020507,3.489179423831124,Compost
227,Animal-Based,Fish Waste,1491,0.89,8,0,6.623016394426644,3.49739092355229,Bioenergy
228,Animal-Based,Meat Trimmings,1635,0.67,9,0,6.678388821796067,3.347951020576833,Bioenergy
229,Oil & Fat,Used Cooking Oil,1565,0.14,561,0,6.528693092783199,3.2213133017976125,Biofuel
230,Plant-Based,Fruit Pulp,702,0.88,19,0,6.417605432384973,3.4577345870931686,Compost
231,Plant-Based,Root/Tuber Peels,1427,0.51,49,0,6.404862687305451,3.317599537265704,Animal Feed
232,Plant-Based,Vegetable Residue,1218,0.75,33,0,6.537071267180929,3.4257823990709615,Compost
233,Oil & Fat,Animal Fat Residue,529,0.14,251,1,6.454057614783335,3.423589921954935,Biofuel
234,Plant-Based,Fruit Pulp,1446,0.8,14,1,6.406222448817826,3.2820299227876957,Compost
235,Animal-Based,Fish Waste,79,0.73,5,0,6.553964371331838,3.3003284753188327,Bioenergy
236,Oil & Fat,Animal Fat Residue,1807,0.14,240,0,6.430902159149674,3.3324515309078495,Biofuel
237,Plant-Based,Vegetable Residue,1342,0.69,43,0,6.468358523350789,3.3292072094584926,Compost
238,Oil & Fat,Animal Fat Residue,1835,0.16,344,0,6.4908284697570675,3.3941904198909096,Biofuel
239,Oil & Fat,Animal Fat Residue,1726,0.12,299,0,6.458703435486178,3.4092361444133665,Biofuel
240,Plant-Based,Fruit Pulp,1890,0.77,28,0,6.589267224439728,3.4994129683709803,Compost
241,Plant-Based,Grain Husk,1739,0.15,224,0,6.506983991555321,3.291307067912804,Animal Feed
242,Plant-Based,Root/Tuber Peels,1586,0.55,46,0,6.652491063532892,3.4004991196686927,Animal Feed
243,Plant-Based,Grain Husk,1622,0.16,129,0,6.668509818908139,3.288268396050177,Animal Feed
244,Plant-Based,Grain Husk,429,0.15,195,0,6.613250860401189,3.2501105995045823,Animal Feed
245,Plant-Based,Grain Husk,207,0.27,212,1,6.408599413751614,3.3010271032902647,Animal Feed
246,Animal-Based,Meat Trimmings,1851,0.73,10,0,6.574036723642263,3.299421899579946,Bioenergy
247,Oil & Fat,Animal Fat Residue,1954,0.14,219,0,6.447110781950646,3.4618589128586734,Biofuel
248,Animal-Based,Meat Trimmings,991,0.84,11,0,6.652622137757042,3.4000704356264753,Bioenergy
249,Oil & Fat,Used Cooking Oil,1474,0.13,186,0,6.528050494986722,3.4344369752145836,Biofuel
250,Plant-Based,Fruit Pulp,1756,0.78,27,0,6.697544130443624,3.3933985992386297,Compost
251,Plant-Based,Root/Tuber Peels,946,0.75,60,0,6.515065748854573,3.2850946485894155,Animal Feed
252,Plant-Based,Grain Husk,534,0.15,143,0,6.619006551556943,3.3615979561306033,Animal Feed
253,Plant-Based,Fruit Pulp,1867,0.76,29,0,6.558427905721246,3.3625303507593234,Compost
254,Animal-Based,Meat Trimmings,1057,0.83,10,0,6.697295567071973,3.2937366067800062,Bioenergy
255,Oil & Fat,Used Cooking Oil,460,0.1,361,0,6.454059806297891,3.4462782236227447,Biofuel
256,Plant-Based,Vegetable Residue,1964,0.6,40,0,6.449371412090315,3.330607854403821,Compost
257,Oil & Fat,Animal Fat Residue,299,0.23,329,0,6.5784366572136594,3.3651825306207908,Biofuel
258,Animal-Based,Poultry Residue,1909,0.76,7,0,6.555409457485848,3.2119342754866347,Bioenergy
259,Oil & Fat,Used Cooking Oil,868,0.1,575,0,6.572293761687699,3.2247744528445375,Biofuel
260,Plant-Based,Grain Husk,1921,0.1,128,1,6.4253533736526505,3.2232124670466757,Animal Feed
261,Animal-Based,Fish Waste,1721,0.86,9,0,6.6795052332489995,3.29238068903587,Bioenergy
262,Oil & Fat,Used Cooking Oil,1899,0.07,513,0,6.6264228035737816,3.4941186791375998,Biofuel
263,Animal-Based,Meat Trimmings,251,0.81,7,0,6.481344028146751,3.2749420382549017,Bioenergy
264,Animal-Based,Poultry Residue,1874,0.81,10,0,6.554233379960946,3.3619822771997843,Bioenergy
265,Animal-Based,Fish Waste,265,0.78,4,0,6.539391493279496,3.4803985129579917,Bioenergy
266,Oil & Fat,Animal Fat Residue,1910,0.2,311,0,6.451216049379352,3.3005821995635114,Biofuel
267,Oil & Fat,Animal Fat Residue,355,0.12,131,0,6.6425953306156655,3.417843169910868,Biofuel
268,Animal-Based,Meat Trimmings,385,0.66,7,0,6.6569447618970745,3.400530794129847,Bioenergy
269,Animal-Based,Fish Waste,663,0.8,4,0,6.63121852341428,3.259990401800805,Bioenergy
270,Oil & Fat,Used Cooking Oil,1661,0.08,188,0,6.625019082604147,3.461380113875281,Biofuel
271,Oil & Fat,Used Cooking Oil,749,0.09,366,0,6.62883309642514,3.4364962050032406,Biofuel
272,Plant-Based,Fruit Pulp,1933,0.86,24,0,6.559751333392089,3.2055889170666916,Compost
273,Animal-Based,Dairy Whey,1162,0.87,23,0,6.519495336927567,3.3521336113146267,Animal Feed
274,Animal-Based,Poultry Residue,1789,0.7,9,0,6.69842426003813,3.4306230151824075,Bioenergy
275,Animal-Based,Poultry Residue,853,0.84,8,0,6.543214049284882,3.2922636773862304,Bioenergy
276,Animal-Based,Fish Waste,894,0.85,5,0,6.465804296848559,3.254397038294429,Bioenergy
277,Animal-Based,Poultry Residue,1242,0.75,10,0,6.413038094221526,3.286214955807007,Bioenergy
278,Animal-Based,Dairy Whey,1401,0.86,23,0,6.5969297284433726,3.274714398350336,Animal Feed
279,Oil & Fat,Animal Fat Residue,954,0.14,150,0,6.541762646433173,3.323329067547075,Biofuel
280,Animal-Based,Meat Trimmings,1839,0.73,8,0,6.55661193690428,3.290209009163778,Bioenergy
281,Animal-Based,Dairy Whey,1105,0.88,22,0,6.648226841834262,3.4262080389780807,Animal Feed
282,Oil & Fat,Used Cooking Oil,1459,0.08,286,0,6.510062650749264,3.2587181104160514,Biofuel
283,Plant-Based,Vegetable Residue,152,0.84,37,0,6.445429521498799,3.245111391852596,Compost
284,Oil & Fat,Used Cooking Oil,1285,0.15,314,1,6.417972412413627,3.462098891944066,Biofuel
285,Animal-Based,Poultry Residue,952,0.82,8,0,6.452787938410783,3.2163162255652376,Bioenergy
286,Animal-Based,Dairy Whey,1500,0.89,9,0,6.595869800502877,3.351973073169121,Animal Feed
287,Animal-Based,Meat Trimmings,1877,0.79,8,0,6.571751141549305,3.4779471324567397,Bioenergy
288,Animal-Based,Dairy Whey,1659,0.95,17,0,6.423490004164709,3.3279726005979504,Animal Feed
289,Oil & Fat,Animal Fat Residue,1133,0.18,175,1,6.505981949215856,3.443670922317427,Biofuel
290,Oil & Fat,Animal Fat Residue,768,0.17,162,0,6.479773253823415,3.225251692533613,Biofuel
291,Plant-Based,Root/Tuber Peels,741,0.58,48,0,6.512278451695947,3.271005405673774,Animal Feed
292,Oil & Fat,Used Cooking Oil,250,0.1,682,0,6.452885402304041,3.497245080279568,Biofuel
293,Plant-Based,Vegetable Residue,381,0.67,31,0,6.454320851586486,3.216616376828905,Compost
294,Animal-Based,Fish Waste,1505,0.72,6,0,6.511088428050648,3.3851148009772865,Bioenergy
295,Animal-Based,Poultry Residue,1048,0.84,10,0,6.498648803273979,3.3195134441352043,Bioenergy
296,Animal-Based,Meat Trimmings,996,0.67,6,0,6.456546366066765,3.3089331810755374,Bioenergy
297,Plant-Based,Root/Tuber Peels,490,0.68,44,0,6.5769963837113,3.229167412932328,Animal Feed
298,Oil & Fat,Used Cooking Oil,1191,0.15,633,0,6.690219994993963,3.3017454600589673,Biofuel
299,Oil & Fat,Animal Fat Residue,539,0.13,285,0,6.49048389478881,3.236855032826799,Biofuel
300,Animal-Based,Poultry Residue,887,0.77,9,1,6.561747180152526,3.226965249738595,Bioenergy
301,Oil & Fat,Animal Fat Residue,130,0.1,310,0,6.427540947687098,3.487464709602826,Biofuel
302,Oil & Fat,Animal Fat Residue,337,0.24,201,0,6.594958854117865,3.201449812752908,Biofuel
303,Animal-Based,Dairy Whey,1660,0.85,15,0,6.6243050524870375,3.487309854001096,Animal Feed
304,Plant-Based,Vegetable Residue,1661,0.79,38,1,6.581309849597669,3.4864034199142404,Compost
305,Oil & Fat,Animal Fat Residue,1639,0.23,292,0,6.647448394238821,3.2248554834474628,Biofuel
306,Animal-Based,Fish Waste,1833,0.78,9,1,6.4710615086222925,3.2658680460029736,Bioenergy
307,Plant-Based,Fruit Pulp,1488,0.76,29,0,6.693535095831602,3.2996901850008564,Compost
308,Oil & Fat,Used Cooking Oil,1118,0.12,415,0,6.676267942174375,3.4842716269003273,Biofuel
309,Oil & Fat,Animal Fat Residue,1376,0.16,327,0,6.449649484572139,3.261526042133363,Biofuel
310,Plant-Based,Root/Tuber Peels,506,0.7,62,0,6.412137841236757,3.3942211846347186,Animal Feed
311,Plant-Based,Vegetable Residue,966,0.69,41,0,6.471280057315717,3.351678737088221,Compost
312,Plant-Based,Grain Husk,456,0.17,135,0,6.464552108383106,3.4944113435782644,Animal Feed
313,Animal-Based,Meat Trimmings,411,0.66,8,1,6.4277355951766655,3.2504604939096318,Bioenergy
314,Oil & Fat,Animal Fat Residue,397,0.24,175,1,6.659669387386865,3.243665789146368,Biofuel
315,Plant-Based,Fruit Pulp,1484,0.7,24,0,6.633598215959256,3.41165933983209,Compost
316,Animal-Based,Poultry Residue,1105,0.74,6,0,6.534779923240042,3.402448588849978,Bioenergy
317,Plant-Based,Fruit Pulp,208,0.83,18,0,6.578276432065747,3.2058234535255163,Compost
318,Animal-Based,Dairy Whey,1089,0.9,13,0,6.504901942836628,3.3049970273431417,Animal Feed
319,Animal-Based,Dairy Whey,1014,0.91,8,0,6.429477993514779,3.2167297164016238,Animal Feed
320,Animal-Based,Meat Trimmings,88,0.76,9,0,6.436288191347219,3.4274283563828685,Bioenergy
321,Plant-Based,Vegetable Residue,446,0.61,46,0,6.505584246941563,3.4303175028191832,Compost
322,Plant-Based,Vegetable Residue,670,0.66,28,1,6.594338689156657,3.4622777711978086,Compost
323,Oil & Fat,Animal Fat Residue,1522,0.2,238,0,6.547070050213609,3.4418295376139207,Biofuel
324,Animal-Based,Fish Waste,145,0.74,5,0,6.545258060281909,3.3998826377884375,Bioenergy
325,Oil & Fat,Used Cooking Oil,276,0.1,684,1,6.532985584264515,3.3577896805230987,Biofuel
326,Plant-Based,Grain Husk,1566,0.15,143,0,6.675187958091548,3.229450584486052,Animal Feed
327,Oil & Fat,Used Cooking Oil,1206,0.08,250,0,6.445838363064841,3.252372908464096,Biofuel
328,Plant-Based,Grain Husk,363,0.25,227,0,6.42755711575114,3.3776323976834792,Animal Feed
329,Oil & Fat,Animal Fat Residue,1897,0.11,135,1,6.55263467059186,3.4707544500417375,Biofuel
330,Plant-Based,Vegetable Residue,65,0.79,41,0,6.5432665075268135,3.3825853112327446,Compost
331,Plant-Based,Grain Husk,1233,0.14,155,1,6.640968711585291,3.3229030674729882,Animal Feed
332,Plant-Based,Fruit Pulp,1654,0.78,34,0,6.424337810432862,3.4528589595212944,Compost
333,Animal-Based,Fish Waste,605,0.89,4,0,6.566837029629369,3.3547871707397503,Bioenergy
334,Oil & Fat,Animal Fat Residue,1785,0.24,152,0,6.557330189833479,3.423295854512113,Biofuel
335,Oil & Fat,Used Cooking Oil,1648,0.09,389,1,6.509256531596334,3.303679899558939,Biofuel
336,Oil & Fat,Animal Fat Residue,1908,0.14,260,0,6.626497168326971,3.411136611978808,Biofuel
337,Animal-Based,Dairy Whey,775,0.91,19,0,6.46959273816032,3.4894756339656303,Animal Feed
338,Plant-Based,Root/Tuber Peels,1380,0.54,37,0,6.524025082665743,3.4911944655659166,Animal Feed
339,Animal-Based,Poultry Residue,1144,0.83,9,1,6.568804297778246,3.222433748025786,Bioenergy
340,Plant-Based,Grain Husk,1616,0.13,222,0,6.42421153723547,3.317152034335509,Animal Feed
341,Plant-Based,Vegetable Residue,981,0.64,34,0,6.502368186420944,3.286179440589249,Compost
342,Oil & Fat,Animal Fat Residue,799,0.16,292,0,6.6829954263766504,3.4505377866138627,Biofuel
343,Animal-Based,Meat Trimmings,488,0.74,7,0,6.6753648025498205,3.4043079689366444,Bioenergy
344,Animal-Based,Poultry Residue,1774,0.69,7,0,6.672566138255776,3.3937831106448657,Bioenergy
345,Oil & Fat,Animal Fat Residue,655,0.21,231,0,6.570216784134485,3.231782834185841,Biofuel
346,Oil & Fat,Animal Fat Residue,1995,0.22,153,0,6.571520148315409,3.2469480833064814,Biofuel
347,Animal-Based,Dairy Whey,1258,0.91,14,0,6.5713672828993275,3.238548804125937,Animal Feed
348,Plant-Based,Vegetable Residue,866,0.8,38,0,6.440801665555626,3.335100781688429,Compost
349,Plant-Based,Root/Tuber Peels,1429,0.73,38,0,6.474059702845852,3.4448537154850083,Animal Feed
350,Animal-Based,Meat Trimmings,76,0.73,7,0,6.48903171717276,3.472786366940058,Bioenergy
351,Animal-Based,Dairy Whey,1279,0.9,12,0,6.685448825418526,3.223368503279856,Animal Feed
352,Plant-Based,Vegetable Residue,1872,0.81,46,0,6.657538083005365,3.462935179384846,Compost
353,Animal-Based,Dairy Whey,955,0.9,21,0,6.547512128887668,3.4857102463326877,Animal Feed
354,Oil & Fat,Used Cooking Oil,157,0.07,174,0,6.572653053748778,3.4888649631959288,Biofuel
355,Plant-Based,Root/Tuber Peels,282,0.79,48,1,6.6899610320232314,3.4485229740684176,Animal Feed
356,Oil & Fat,Animal Fat Residue,630,0.15,172,0,6.656165995817396,3.2006832526765554,Biofuel
357,Animal-Based,Meat Trimmings,1133,0.82,6,0,6.429213435430034,3.307336812683597,Bioenergy
358,Plant-Based,Grain Husk,832,0.12,151,0,6.650979770243673,3.279870923311738,Animal Feed
359,Plant-Based,Vegetable Residue,1151,0.77,43,0,6.645571736851104,3.3737158187710183,Compost
360,Oil & Fat,Animal Fat Residue,999,0.12,357,0,6.623168216327494,3.4345376767706397,Biofuel
361,Oil & Fat,Animal Fat Residue,768,0.14,124,0,6.613005134414061,3.4193709698222374,Biofuel
362,Plant-Based,Fruit Pulp,1702,0.8,32,0,6.692520851835399,3.288311966740565,Compost
363,Plant-Based,Grain Husk,441,0.16,162,0,6.486128339148354,3.2397872614888708,Animal Feed
364,Oil & Fat,Used Cooking Oil,956,0.1,407,1,6.633305947814108,3.2853152496380003,Biofuel
365,Animal-Based,Poultry Residue,1983,0.74,9,0,6.481708062657535,3.490895116739596,Bioenergy
366,Plant-Based,Grain Husk,1024,0.25,131,1,6.457696431307232,3.319704345501359,Animal Feed
367,Plant-Based,Grain Husk,1311,0.19,129,0,6.551433705942025,3.3094252291548174,Animal Feed
368,Plant-Based,Grain Husk,173,0.19,156,0,6.568347395581925,3.296019829780983,Animal Feed
369,Plant-Based,Root/Tuber Peels,416,0.51,69,0,6.403710265377557,3.221698849504191,Animal Feed
370,Plant-Based,Fruit Pulp,1796,0.73,28,0,6.472431772966104,3.3878936739390553,Compost
371,Animal-Based,Meat Trimmings,940,0.77,6,0,6.549162258937294,3.2459803004501744,Bioenergy
372,Animal-Based,Fish Waste,728,0.89,7,0,6.431034762242773,3.336030043455853,Bioenergy
373,Plant-Based,Grain Husk,1891,0.25,208,0,6.620240859666416,3.4052471261632573,Animal Feed
374,Oil & Fat,Animal Fat Residue,1794,0.23,200,1,6.462703551131991,3.452271317859954,Biofuel
375,Plant-Based,Fruit Pulp,845,0.85,19,0,6.634079819158102,3.4776787979915342,Compost
376,Plant-Based,Root/Tuber Peels,875,0.52,51,0,6.698350468738966,3.4582346872096377,Animal Feed
377,Animal-Based,Poultry Residue,834,0.7,8,0,6.410456640468857,3.3554060318522803,Bioenergy
378,Plant-Based,Grain Husk,1597,0.28,221,0,6.647265774962977,3.474681138648101,Animal Feed
379,Plant-Based,Grain Husk,1209,0.19,167,0,6.535847256586233,3.376695309160836,Animal Feed
380,Animal-Based,Dairy Whey,1219,0.88,16,0,6.462539456868049,3.2432780058539734,Animal Feed
381,Plant-Based,Fruit Pulp,79,0.72,19,0,6.481800133793559,3.29595413095492,Compost
382,Animal-Based,Fish Waste,708,0.72,5,0,6.602791729352362,3.3112454560457434,Bioenergy
383,Animal-Based,Fish Waste,1071,0.79,4,0,6.534918996964075,3.2410309424874946,Bioenergy
384,Animal-Based,Dairy Whey,1227,0.86,15,0,6.471079191725222,3.2922330150909977,Animal Feed
385,Animal-Based,Dairy Whey,1165,0.87,22,0,6.697683741514799,3.262336189530684,Animal Feed
386,Plant-Based,Fruit Pulp,1765,0.82,17,0,6.660064432569799,3.442183791212778,Compost
387,Oil & Fat,Used Cooking Oil,939,0.11,172,1,6.640287521041943,3.4177222175500757,Biofuel
388,Oil & Fat,Used Cooking Oil,383,0.05,634,1,6.650582572959772,3.4182742747520187,Biofuel
389,Plant-Based,Vegetable Residue,1927,0.78,26,0,6.4078722926755365,3.3365787323404046,Compost
390,Animal-Based,Poultry Residue,273,0.84,10,0,6.626672184066518,3.4835413045504393,Bioenergy
391,Plant-Based,Root/Tuber Peels,1245,0.54,51,0,6.669671754799592,3.422732016344954,Animal Feed
392,Oil & Fat,Animal Fat Residue,926,0.1,221,0,6.565276109742818,3.48782338962627,Biofuel
393,Plant-Based,Fruit Pulp,451,0.81,35,0,6.575424753446206,3.283390453725426,Compost
394,Animal-Based,Fish Waste,604,0.85,8,0,6.665424509017642,3.413443136225933,Bioenergy
395,Oil & Fat,Animal Fat Residue,1689,0.22,322,0,6.479628678537907,3.453637415584254,Biofuel
396,Plant-Based,Fruit Pulp,1751,0.75,12,1,6.511791312902524,3.3937478257705043,Compost
397,Plant-Based,Fruit Pulp,575,0.75,17,0,6.586675436262707,3.3717391398253667,Compost
398,Plant-Based,Fruit Pulp,632,0.73,12,1,6.650512161816892,3.490052001415561,Compost
399,Animal-Based,Meat Trimmings,1182,0.65,11,0,6.492289107146568,3.4790590822337073,Bioenergy
400,Plant-Based,Grain Husk,1583,0.24,198,1,6.507796052487943,3.2112485706625638,Animal Feed
401,Oil & Fat,Used Cooking Oil,968,0.07,496,0,6.4019956527593305,3.2813247730148576,Biofuel
402,Animal-Based,Dairy Whey,1632,0.9,11,0,6.646378745287498,3.4996113627002225,Animal Feed
403,Plant-Based,Grain Husk,267,0.2,148,0,6.4058565418493005,3.463638414904503,Animal Feed
404,Oil & Fat,Animal Fat Residue,611,0.25,340,0,6.48198036055235,3.2443766866661883,Biofuel
405,Animal-Based,Fish Waste,461,0.73,6,0,6.555566978714432,3.38023532288432,Bioenergy
406,Plant-Based,Fruit Pulp,61,0.73,27,0,6.6939237298365875,3.352185770266435,Compost
407,Oil & Fat,Used Cooking Oil,1950,0.15,647,0,6.634841885908496,3.3750451508335924,Biofuel
408,Plant-Based,Root/Tuber Peels,53,0.65,39,0,6.577686723751754,3.281586029111886,Animal Feed
409,Oil & Fat,Used Cooking Oil,381,0.05,504,1,6.663299646443072,3.3101475939854517,Biofuel
410,Animal-Based,Poultry Residue,1732,0.68,8,1,6.694263985226248,3.433361874675984,Bioenergy
411,Plant-Based,Grain Husk,89,0.18,198,0,6.619739289067622,3.3568699024078117,Animal Feed
412,Oil & Fat,Used Cooking Oil,901,0.11,458,0,6.443848530824845,3.2745109918429143,Biofuel
413,Plant-Based,Root/Tuber Peels,704,0.65,49,0,6.400896114590717,3.2156554725013993,Animal Feed
414,Oil & Fat,Animal Fat Residue,650,0.19,188,0,6.483939782584527,3.3197408789526137,Biofuel
415,Oil & Fat,Animal Fat Residue,487,0.1,162,0,6.646584863963284,3.272443705526867,Biofuel
416,Oil & Fat,Used Cooking Oil,1712,0.13,173,0,6.668201427701726,3.234291165385066,Biofuel
417,Animal-Based,Dairy Whey,957,0.85,15,0,6.509180485799749,3.432466492739402,Animal Feed
418,Plant-Based,Grain Husk,1105,0.1,224,0,6.650287799831581,3.3239472774186942,Animal Feed
419,Animal-Based,Fish Waste,1875,0.83,8,0,6.556453082799459,3.2675996221887713,Bioenergy
420,Plant-Based,Root/Tuber Peels,940,0.78,60,0,6.533340946504087,3.2950486085250437,Animal Feed
421,Animal-Based,Fish Waste,1632,0.81,7,0,6.655031933319746,3.3861841933365993,Bioenergy
422,Animal-Based,Dairy Whey,1579,0.89,8,1,6.620735403721176,3.2108056171386563,Animal Feed
423,Oil & Fat,Used Cooking Oil,934,0.12,670,0,6.446405124811202,3.485753189803704,Biofuel
424,Plant-Based,Grain Husk,1014,0.22,213,0,6.62053512089353,3.2586654995930497,Animal Feed
425,Animal-Based,Meat Trimmings,609,0.69,8,0,6.511859427921109,3.2999373956328544,Bioenergy
426,Oil & Fat,Animal Fat Residue,101,0.14,359,0,6.672539854771832,3.429559268768865,Biofuel
427,Oil & Fat,Used Cooking Oil,1030,0.13,371,1,6.57174844452225,3.3030906318823656,Biofuel
428,Animal-Based,Poultry Residue,1223,0.73,6,0,6.464439730745555,3.2493316276509536,Bioenergy
429,Animal-Based,Fish Waste,998,0.88,9,0,6.5802217449014755,3.3617425568891037,Bioenergy
430,Animal-Based,Fish Waste,799,0.86,6,0,6.651877002345324,3.355686171017613,Bioenergy
431,Oil & Fat,Animal Fat Residue,1053,0.14,157,0,6.547975582228147,3.3074165690573083,Biofuel
432,Animal-Based,Fish Waste,1141,0.82,4,0,6.688598571081174,3.2913020452363013,Bioenergy
433,Oil & Fat,Animal Fat Residue,920,0.19,156,0,6.697126511431763,3.4036973968331674,Biofuel
434,Oil & Fat,Animal Fat Residue,1237,0.12,324,0,6.429794582919093,3.3711023864546243,Biofuel
435,Plant-Based,Grain Husk,727,0.19,143,0,6.407012796488394,3.363158112208628,Animal Feed
436,Plant-Based,Fruit Pulp,1874,0.8,27,0,6.548703313237497,3.235204587947364,Compost
437,Plant-Based,Grain Husk,1372,0.11,192,0,6.545575196617586,3.3769480204761524,Animal Feed
438,Oil & Fat,Animal Fat Residue,1457,0.2,283,1,6.49832107207711,3.309547154155004,Biofuel
439,Oil & Fat,Animal Fat Residue,282,0.13,122,0,6.693860490440183,3.4865158958824543,Biofuel
440,Animal-Based,Poultry Residue,1884,0.73,6,1,6.687235135909694,3.2613660171294847,Bioenergy
441,Animal-Based,Poultry Residue,504,0.69,9,1,6.634659795700848,3.3402547745883053,Bioenergy
442,Oil & Fat,Used Cooking Oil,615,0.13,588,0,6.474464160005826,3.3580357108835406,Biofuel
443,Animal-Based,Meat Trimmings,600,0.79,8,0,6.436364993401305,3.262967277098489,Bioenergy
444,Animal-Based,Dairy Whey,1954,0.9,10,0,6.690080802666438,3.3432793157697054,Animal Feed
445,Oil & Fat,Animal Fat Residue,1714,0.12,170,0,6.651218908750567,3.2294426657214736,Biofuel
446,Plant-Based,Fruit Pulp,1863,0.8,18,1,6.434975160594325,3.2076415779666396,Compost
447,Animal-Based,Dairy Whey,244,0.89,22,0,6.442233053794497,3.230754729079986,Animal Feed
448,Animal-Based,Fish Waste,1832,0.75,4,0,6.577375610487184,3.3848889238462623,Bioenergy
449,Plant-Based,Fruit Pulp,1076,0.82,31,0,6.567420707052301,3.3338396529204157,Compost
450,Oil & Fat,Animal Fat Residue,313,0.16,318,0,6.452457247841662,3.4517760641946413,Biofuel
451,Animal-Based,Meat Trimmings,373,0.81,11,0,6.524868402623846,3.363076907928546,Bioenergy
452,Plant-Based,Fruit Pulp,293,0.77,30,0,6.595646406722862,3.257250099786451,Compost
453,Plant-Based,Vegetable Residue,876,0.72,44,0,6.490879198057962,3.208248860161699,Compost
454,Plant-Based,Vegetable Residue,587,0.68,37,0,6.496219860355268,3.222673850291551,Compost
455,Animal-Based,Dairy Whey,1989,0.94,9,0,6.684181182988727,3.4781831074433445,Animal Feed
456,Animal-Based,Fish Waste,1072,0.75,9,0,6.668966620444404,3.2149306221530494,Bioenergy
457,Oil & Fat,Animal Fat Residue,1903,0.16,160,0,6.507835600019656,3.2864369446655366,Biofuel
458,Animal-Based,Fish Waste,1245,0.82,6,0,6.6552633797688925,3.205541376771083,Bioenergy
459,Oil & Fat,Animal Fat Residue,668,0.21,261,0,6.502887184859505,3.2106245932245394,Biofuel
460,Plant-Based,Fruit Pulp,151,0.72,34,1,6.535509880739597,3.435241222135485,Compost
461,Oil & Fat,Used Cooking Oil,237,0.15,632,0,6.4878459457352236,3.216949509229007,Biofuel
462,Plant-Based,Root/Tuber Peels,832,0.64,44,0,6.587857416400534,3.4919291136039554,Animal Feed
463,Animal-Based,Poultry Residue,999,0.67,8,0,6.408332046108628,3.225933429334723,Bioenergy
464,Oil & Fat,Used Cooking Oil,1467,0.11,393,0,6.545147348628269,3.230826018857648,Biofuel
465,Plant-Based,Vegetable Residue,1553,0.68,39,0,6.499449318287338,3.285160472987284,Compost
466,Plant-Based,Root/Tuber Peels,174,0.64,52,0,6.647080060984181,3.275708748139576,Animal Feed
467,Plant-Based,Fruit Pulp,1951,0.85,33,0,6.628330482079985,3.4580912218219773,Compost
468,Oil & Fat,Used Cooking Oil,1107,0.13,387,0,6.40439370842428,3.4926707615768127,Biofuel
469,Oil & Fat,Animal Fat Residue,1789,0.11,195,1,6.448816923958038,3.4569156086167676,Biofuel
470,Plant-Based,Vegetable Residue,1914,0.82,30,0,6.411477247027885,3.359830904084257,Compost
471,Plant-Based,Grain Husk,1248,0.15,156,0,6.47653631981562,3.4907755301699286,Animal Feed
472,Animal-Based,Poultry Residue,1067,0.67,9,0,6.4995576717713845,3.313461637238203,Bioenergy
473,Animal-Based,Meat Trimmings,1094,0.72,10,1,6.600378306591341,3.388857066613693,Bioenergy
474,Animal-Based,Dairy Whey,1235,0.93,22,1,6.537733997904905,3.203372849364658,Animal Feed
475,Oil & Fat,Used Cooking Oil,1821,0.08,206,0,6.513889594248143,3.361816012920142,Biofuel
476,Plant-Based,Root/Tuber Peels,1405,0.68,66,1,6.656428957324971,3.2482401082762746,Animal Feed
477,Plant-Based,Root/Tuber Peels,1871,0.63,26,0,6.674874039474056,3.234080148786417,Animal Feed
478,Animal-Based,Dairy Whey,1846,0.87,14,0,6.471420183543749,3.4078059943279557,Animal Feed
479,Plant-Based,Grain Husk,471,0.25,139,1,6.470043348580386,3.2242752035148783,Animal Feed
480,Oil & Fat,Used Cooking Oil,1348,0.12,556,0,6.508710601664789,3.3928889962012425,Biofuel
481,Animal-Based,Poultry Residue,1191,0.73,9,0,6.630249974318829,3.208022116266211,Bioenergy
482,Plant-Based,Grain Husk,1108,0.28,206,0,6.421895498651567,3.208065422001115,Animal Feed
483,Animal-Based,Dairy Whey,790,0.88,9,0,6.608144714401106,3.440889189286817,Animal Feed
484,Animal-Based,Dairy Whey,132,0.88,17,0,6.658157335256908,3.3670494937487723,Animal Feed
485,Plant-Based,Fruit Pulp,902,0.9,20,0,6.445903710159667,3.261237255230831,Compost
486,Plant-Based,Root/Tuber Peels,1130,0.6,28,0,6.596443029360628,3.2881737745790245,Animal Feed
487,Oil & Fat,Used Cooking Oil,1878,0.14,200,0,6.5822242709695695,3.489358056999916,Biofuel
488,Plant-Based,Fruit Pulp,1900,0.75,28,0,6.603758398734345,3.459009838313249,Compost
489,Animal-Based,Fish Waste,57,0.87,4,0,6.580637988787867,3.3027588074199015,Bioenergy
490,Plant-Based,Root/Tuber Peels,1333,0.52,27,0,6.588273931544906,3.3481974139487156,Animal Feed
491,Animal-Based,Fish Waste,126,0.72,7,0,6.64264784821698,3.486238651629413,Bioenergy
492,Plant-Based,Grain Husk,1067,0.13,138,0,6.47874512517965,3.274160456687704,Animal Feed
493,Plant-Based,Grain Husk,981,0.14,136,1,6.610503867453915,3.307644462474927,Animal Feed
494,Animal-Based,Dairy Whey,1220,0.89,18,0,6.64536593599511,3.337284232439312,Animal Feed
495,Plant-Based,Root/Tuber Peels,1871,0.61,48,0,6.403452986372761,3.27535786067785,Animal Feed
496,Plant-Based,Root/Tuber Peels,1023,0.64,40,1,6.570067504035009,3.458011890257225,Animal Feed
497,Plant-Based,Fruit Pulp,750,0.78,25,0,6.482787649042578,3.4463637451002618,Compost
498,Plant-Based,Root/Tuber Peels,1596,0.59,29,1,6.457475036256236,3.3541344364433625,Animal Feed
499,Plant-Based,Fruit Pulp,1233,0.76,31,0,6.559758002657843,3.4817161165606754,Compost
500,Oil & Fat,Used Cooking Oil,1965,0.1,585,0,6.613065759767105,3.3981515652839307,Biofuel
501,Animal-Based,Dairy Whey,732,0.91,21,0,6.5922625755759,3.3641815123741847,Animal Feed
502,Oil & Fat,Animal Fat Residue,130,0.11,161,0,6.593313330280798,3.290841976394982,Biofuel
503,Animal-Based,Poultry Residue,550,0.78,7,1,6.695888329476987,3.2519922667613783,Bioenergy
504,Animal-Based,Fish Waste,719,0.71,5,0,6.6090102052665385,3.4201822067142835,Bioenergy
505,Plant-Based,Root/Tuber Peels,1628,0.51,67,0,6.628990179897527,3.412037515543392,Animal Feed
506,Oil & Fat,Used Cooking Oil,72,0.11,325,0,6.522778465922491,3.485450881496913,Biofuel
507,Plant-Based,Root/Tuber Peels,212,0.69,37,1,6.699745150052401,3.3707543509919455,Animal Feed
508,Oil & Fat,Used Cooking Oil,1710,0.14,304,0,6.611556223457226,3.409635536665993,Biofuel
509,Animal-Based,Meat Trimmings,714,0.79,10,0,6.642837479228777,3.370709344177221,Bioenergy
510,Animal-Based,Meat Trimmings,426,0.67,9,0,6.652953924618163,3.2751531367874644,Bioenergy
511,Animal-Based,Meat Trimmings,618,0.81,7,0,6.673117258216466,3.499433505241739,Bioenergy
512,Plant-Based,Root/Tuber Peels,623,0.8,67,0,6.680067656674875,3.312857324554531,Animal Feed
513,Animal-Based,Dairy Whey,1881,0.9,23,0,6.460100744628376,3.2633915148307504,Animal Feed
514,Oil & Fat,Animal Fat Residue,1661,0.13,141,0,6.67066141763229,3.3957460160631165,Biofuel
515,Plant-Based,Fruit Pulp,1509,0.74,34,0,6.519128101095227,3.4284542324617973,Compost
516,Oil & Fat,Animal Fat Residue,672,0.19,157,1,6.465083012320097,3.260569875537135,Biofuel
517,Animal-Based,Meat Trimmings,145,0.84,11,1,6.686307143314518,3.299441986674793,Bioenergy
518,Oil & Fat,Used Cooking Oil,992,0.12,176,0,6.629843163807809,3.4817446727364065,Biofuel
519,Oil & Fat,Animal Fat Residue,1809,0.16,193,0,6.429667502965075,3.3889966563527354,Biofuel
520,Plant-Based,Fruit Pulp,667,0.8,35,0,6.683418532883707,3.308847987873478,Compost
521,Plant-Based,Grain Husk,1480,0.12,190,0,6.635266859163265,3.329832678623218,Animal Feed
522,Oil & Fat,Used Cooking Oil,498,0.07,312,1,6.678615827575539,3.3516913592416993,Biofuel
523,Oil & Fat,Animal Fat Residue,1531,0.11,319,0,6.500137616397914,3.4903515154969176,Biofuel
524,Plant-Based,Fruit Pulp,940,0.8,13,0,6.669495121824894,3.286908397139411,Compost
525,Animal-Based,Meat Trimmings,506,0.75,10,0,6.58038775283892,3.3978514738854675,Bioenergy
526,Plant-Based,Grain Husk,408,0.22,228,0,6.453402088455934,3.4764891954553985,Animal Feed
527,Oil & Fat,Used Cooking Oil,407,0.09,232,0,6.653049217523066,3.412806748895787,Biofuel
528,Animal-Based,Fish Waste,1826,0.86,9,0,6.6151722998992994,3.474573859824357,Bioenergy
529,Animal-Based,Meat Trimmings,1219,0.68,9,0,6.444145008078694,3.290281307536273,Bioenergy
530,Animal-Based,Meat Trimmings,1507,0.81,10,0,6.4564102334307645,3.2162211365690285,Bioenergy
531,Oil & Fat,Used Cooking Oil,1707,0.1,288,0,6.525085076434803,3.4154010202599956,Biofuel
532,Plant-Based,Grain Husk,1225,0.26,200,1,6.548147854624595,3.4491642824521365,Animal Feed
533,Animal-Based,Poultry Residue,1365,0.73,11,1,6.422869642766539,3.402913369975177,Bioenergy
534,Oil & Fat,Animal Fat Residue,1062,0.2,321,0,6.631302882629053,3.428103370789106,Biofuel
535,Oil & Fat,Used Cooking Oil,1776,0.1,479,1,6.611369799562768,3.3484391868405132,Biofuel
536,Oil & Fat,Used Cooking Oil,1815,0.08,340,0,6.590565609374646,3.210689440667337,Biofuel
537,Plant-Based,Grain Husk,1516,0.24,206,0,6.561576486060689,3.23270048901092,Animal Feed
538,Plant-Based,Vegetable Residue,1891,0.76,36,0,6.588539824899234,3.3493953611303957,Compost
539,Animal-Based,Meat Trimmings,1372,0.84,7,0,6.531497787352961,3.461623128363323,Bioenergy
540,Plant-Based,Root/Tuber Peels,1065,0.77,26,1,6.68232182073133,3.2204664075110316,Animal Feed
541,Animal-Based,Poultry Residue,417,0.69,8,0,6.688696285072363,3.4913606734822165,Bioenergy
542,Oil & Fat,Used Cooking Oil,920,0.07,695,0,6.594201920059397,3.2507509815409317,Biofuel
543,Animal-Based,Poultry Residue,1565,0.68,8,0,6.622252617186106,3.315513745109325,Bioenergy
544,Plant-Based,Root/Tuber Peels,1555,0.8,48,0,6.695882104054382,3.4815829751441143,Animal Feed
545,Animal-Based,Dairy Whey,1785,0.89,12,0,6.548160882336525,3.276401226408665,Animal Feed
546,Oil & Fat,Animal Fat Residue,159,0.17,328,0,6.660915681459365,3.4203225283007503,Biofuel
547,Oil & Fat,Animal Fat Residue,1195,0.21,201,0,6.635132061682757,3.421864905216354,Biofuel
548,Animal-Based,Meat Trimmings,430,0.66,7,0,6.607626171955496,3.201477081898733,Bioenergy
549,Plant-Based,Fruit Pulp,1246,0.75,15,0,6.529057031224716,3.2807690780118586,Compost
550,Animal-Based,Fish Waste,1567,0.77,6,0,6.611734881488013,3.371170082414807,Bioenergy
551,Animal-Based,Meat Trimmings,828,0.77,11,0,6.670722098653438,3.2551559369233716,Bioenergy
552,Plant-Based,Root/Tuber Peels,1361,0.74,68,0,6.48085443061688,3.474593010674023,Animal Feed
553,Plant-Based,Root/Tuber Peels,255,0.79,28,0,6.631509379425955,3.3981613015427037,Animal Feed
554,Oil & Fat,Animal Fat Residue,1658,0.12,307,1,6.460493340264685,3.4155210729735366,Biofuel
555,Animal-Based,Meat Trimmings,750,0.81,6,0,6.416149412092667,3.368688396930472,Bioenergy
556,Plant-Based,Grain Husk,1220,0.18,159,0,6.618782965562775,3.493707573973934,Animal Feed
557,Animal-Based,Meat Trimmings,1095,0.67,6,1,6.461475895880947,3.491110881550825,Bioenergy
558,Oil & Fat,Animal Fat Residue,924,0.2,124,1,6.402924475258523,3.3428300138097544,Biofuel
559,Animal-Based,Dairy Whey,1843,0.88,13,0,6.583627068739529,3.2646748788783175,Animal Feed
560,Oil & Fat,Animal Fat Residue,1646,0.17,337,0,6.507637651743174,3.257656774525537,Biofuel
561,Animal-Based,Dairy Whey,566,0.91,9,0,6.4077608676291185,3.2085923476453426,Animal Feed
562,Plant-Based,Vegetable Residue,1080,0.73,31,1,6.450016796580457,3.4685497062063937,Compost
563,Plant-Based,Vegetable Residue,1001,0.68,47,0,6.405424913290712,3.449062930407967,Compost
564,Oil & Fat,Animal Fat Residue,984,0.24,322,0,6.691350850484392,3.4447330793094104,Biofuel
565,Plant-Based,Grain Husk,617,0.29,186,0,6.653876445489751,3.446170909036085,Animal Feed
566,Oil & Fat,Animal Fat Residue,265,0.21,297,0,6.546303825780582,3.236470666137092,Biofuel
567,Oil & Fat,Animal Fat Residue,1291,0.15,347,1,6.4384729449331335,3.211729111552118,Biofuel
568,Animal-Based,Poultry Residue,83,0.82,7,0,6.464185513556309,3.402564185925002,Bioenergy
569,Animal-Based,Fish Waste,855,0.71,7,0,6.567979930503477,3.496097098212108,Bioenergy
570,Plant-Based,Fruit Pulp,1552,0.85,15,0,6.668124600703567,3.207205830412015,Compost
571,Animal-Based,Fish Waste,1318,0.84,8,0,6.432980316925903,3.315852219236658,Bioenergy
572,Plant-Based,Grain Husk,1431,0.19,218,0,6.503068510218983,3.3052032712245154,Animal Feed
573,Oil & Fat,Used Cooking Oil,1642,0.11,234,0,6.52053909128893,3.274005923432495,Biofuel
574,Animal-Based,Fish Waste,1467,0.9,5,0,6.647048001556402,3.498221197445057,Bioenergy
575,Animal-Based,Poultry Residue,746,0.8,10,0,6.420851332954702,3.333382276967385,Bioenergy
576,Plant-Based,Root/Tuber Peels,61,0.77,32,1,6.5583048729431,3.2783436629634264,Animal Feed
577,Oil & Fat,Used Cooking Oil,803,0.08,258,0,6.657256998503889,3.3991666227174306,Biofuel
578,Plant-Based,Fruit Pulp,1863,0.81,13,0,6.5504944105423535,3.4068306277531106,Compost
579,Animal-Based,Poultry Residue,1188,0.77,10,0,6.418678705719291,3.3583319205433715,Bioenergy
580,Plant-Based,Root/Tuber Peels,1621,0.67,61,0,6.457405217858832,3.4314499255319606,Animal Feed
581,Plant-Based,Grain Husk,1965,0.29,192,1,6.629995845413675,3.3969847262106567,Animal Feed
582,Oil & Fat,Used Cooking Oil,1946,0.14,699,1,6.566779078179784,3.475162566456296,Biofuel
583,Animal-Based,Dairy Whey,1466,0.87,19,0,6.483987671369288,3.2294911754753666,Animal Feed
584,Oil & Fat,Used Cooking Oil,906,0.15,182,0,6.663160965858273,3.3253707512722115,Biofuel
585,Animal-Based,Fish Waste,1873,0.9,4,0,6.568859049316746,3.4433513034360903,Bioenergy
586,Animal-Based,Poultry Residue,1968,0.71,6,1,6.540174008565137,3.400571848202073,Bioenergy
587,Oil & Fat,Used Cooking Oil,1990,0.12,381,0,6.431336463245846,3.390235620623731,Biofuel
588,Oil & Fat,Used Cooking Oil,1588,0.08,468,0,6.679936450191519,3.2330476838860087,Biofuel
589,Oil & Fat,Animal Fat Residue,1093,0.13,174,0,6.678857795094037,3.333099183015355,Biofuel
590,Oil & Fat,Animal Fat Residue,1253,0.18,245,0,6.564520623610273,3.4884390495146604,Biofuel
591,Animal-Based,Fish Waste,501,0.78,9,0,6.569109990790973,3.4796325757556654,Bioenergy
592,Oil & Fat,Used Cooking Oil,334,0.1,610,0,6.402804920977332,3.461466555411399,Biofuel
593,Oil & Fat,Used Cooking Oil,840,0.13,608,0,6.6912426958246725,3.423967173222149,Biofuel
594,Oil & Fat,Animal Fat Residue,64,0.14,121,0,6.568007944637143,3.41827882863897,Biofuel
595,Animal-Based,Poultry Residue,385,0.66,6,0,6.698423808940882,3.3657128028293175,Bioenergy
596,Plant-Based,Fruit Pulp,752,0.86,31,0,6.5696869450526565,3.3220693018419505,Compost
597,Oil & Fat,Animal Fat Residue,1720,0.13,123,0,6.639059325531561,3.4703455116750908,Biofuel
598,Plant-Based,Root/Tuber Peels,1314,0.74,36,0,6.429498767982868,3.3196944683633975,Animal Feed
599,Oil & Fat,Animal Fat Residue,761,0.25,157,0,6.485561824410542,3.448668843176018,Biofuel
600,Animal-Based,Dairy Whey,1064,0.92,20,1,6.695717741256872,3.2463480565738934,Animal Feed
601,Animal-Based,Dairy Whey,165,0.87,22,0,6.433699652427016,3.3660207822419848,Animal Feed
602,Plant-Based,Vegetable Residue,188,0.7,27,0,6.438465798272241,3.442785739074869,Compost
603,Oil & Fat,Animal Fat Residue,126,0.17,313,0,6.468570708544194,3.3618522019718315,Biofuel
604,Plant-Based,Vegetable Residue,993,0.74,45,0,6.584591287274198,3.3343099129719214,Compost
605,Animal-Based,Meat Trimmings,1950,0.78,10,0,6.562012478047691,3.209573447700837,Bioenergy
606,Plant-Based,Fruit Pulp,256,0.87,25,0,6.655114766751625,3.483242194148634,Compost
607,Plant-Based,Vegetable Residue,1546,0.79,38,0,6.402928768745251,3.4090328496921227,Compost
608,Animal-Based,Poultry Residue,573,0.74,8,0,6.596582100932351,3.4223423309514844,Bioenergy
609,Plant-Based,Grain Husk,79,0.12,175,0,6.577577902487612,3.4904754316909976,Animal Feed
610,Plant-Based,Vegetable Residue,1439,0.73,43,0,6.43355659063771,3.2436256779909796,Compost
611,Plant-Based,Grain Husk,1327,0.18,142,0,6.5059572562462815,3.2088083304234343,Animal Feed
612,Oil & Fat,Animal Fat Residue,1244,0.2,142,0,6.599671945248216,3.3152695418717477,Biofuel
613,Animal-Based,Dairy Whey,1299,0.89,12,0,6.5697497784138665,3.478549540621565,Animal Feed
614,Animal-Based,Fish Waste,1853,0.75,5,0,6.4953755063874095,3.2746757763310312,Bioenergy
615,Animal-Based,Meat Trimmings,286,0.74,11,0,6.416054114523545,3.4249438077914927,Bioenergy
616,Animal-Based,Fish Waste,663,0.74,8,0,6.447121034597762,3.297114672644262,Bioenergy
617,Animal-Based,Poultry Residue,1374,0.67,10,0,6.567815550850978,3.395168658711249,Bioenergy
618,Animal-Based,Dairy Whey,410,0.87,20,0,6.402171423834152,3.415139489433563,Animal Feed
619,Plant-Based,Fruit Pulp,136,0.77,35,0,6.64505000855615,3.279193601134376,Compost
620,Plant-Based,Root/Tuber Peels,1748,0.72,63,0,6.689315635285552,3.410577363882198,Animal Feed
621,Oil & Fat,Animal Fat Residue,936,0.19,347,0,6.531777283721417,3.338742960527525,Biofuel
622,Plant-Based,Fruit Pulp,755,0.75,13,0,6.633655334261591,3.3354049724938104,Compost
623,Plant-Based,Root/Tuber Peels,837,0.54,66,0,6.469294576098297,3.4606521401312818,Animal Feed
624,Oil & Fat,Animal Fat Residue,171,0.13,173,0,6.4454731139552175,3.460928064330287,Biofuel
625,Plant-Based,Vegetable Residue,461,0.63,32,1,6.5512733196919,3.2324855586674914,Compost
626,Oil & Fat,Used Cooking Oil,1022,0.12,415,0,6.499736727824842,3.3298905092698217,Biofuel
627,Oil & Fat,Animal Fat Residue,844,0.23,218,0,6.53509077750492,3.4902762294337206,Biofuel
628,Plant-Based,Fruit Pulp,204,0.89,19,0,6.46849802892037,3.316139546097653,Compost
629,Animal-Based,Fish Waste,1706,0.75,5,0,6.474032459766968,3.331717756237163,Bioenergy
630,Animal-Based,Fish Waste,1327,0.79,6,0,6.402332599891469,3.3683766439314984,Bioenergy
631,Plant-Based,Grain Husk,986,0.3,202,0,6.635088766319499,3.239309120269584,Animal Feed
632,Oil & Fat,Used Cooking Oil,1437,0.06,687,0,6.46581890634722,3.2491223169220755,Biofuel
633,Animal-Based,Poultry Residue,239,0.83,6,0,6.637146025751599,3.4152579181411022,Bioenergy
634,Plant-Based,Fruit Pulp,591,0.86,28,1,6.5907556378931345,3.3110693969178646,Compost
635,Animal-Based,Fish Waste,492,0.78,5,0,6.527271242499656,3.4159174940838604,Bioenergy
636,Plant-Based,Root/Tuber Peels,132,0.5,62,0,6.683060072329313,3.3211077688148727,Animal Feed
637,Oil & Fat,Used Cooking Oil,811,0.13,448,0,6.5733339230884065,3.38367606181068,Biofuel
638,Plant-Based,Fruit Pulp,481,0.87,23,0,6.5180602068175375,3.2888228558207353,Compost
639,Animal-Based,Meat Trimmings,296,0.81,9,0,6.426028925438085,3.3272686920835204,Bioenergy
640,Animal-Based,Dairy Whey,248,0.91,19,0,6.692390932490359,3.4994662582209846,Animal Feed
641,Oil & Fat,Animal Fat Residue,883,0.19,274,0,6.563991505377778,3.2629780891486972,Biofuel
642,Oil & Fat,Animal Fat Residue,1203,0.12,335,0,6.594136819314609,3.4248380157860194,Biofuel
643,Animal-Based,Poultry Residue,1423,0.76,10,0,6.554044135714077,3.3833001265426907,Bioenergy
644,Plant-Based,Grain Husk,721,0.14,221,0,6.537873889243535,3.310503275779461,Animal Feed
645,Oil & Fat,Animal Fat Residue,846,0.1,120,0,6.445078550151343,3.27973493745892,Biofuel
646,Plant-Based,Fruit Pulp,1372,0.72,14,1,6.556291190177069,3.428795146769279,Compost
647,Oil & Fat,Used Cooking Oil,1579,0.11,651,1,6.630276485358034,3.3738160130350074,Biofuel
648,Plant-Based,Root/Tuber Peels,564,0.62,71,1,6.454021151194322,3.432063400352755,Animal Feed
649,Plant-Based,Root/Tuber Peels,1040,0.54,43,1,6.631819558606415,3.2015812919570097,Animal Feed
650,Animal-Based,Fish Waste,242,0.79,7,0,6.551300001664419,3.3941245147764927,Bioenergy
651,Plant-Based,Grain Husk,991,0.29,172,0,6.6630406584684545,3.422781161558131,Animal Feed
652,Oil & Fat,Animal Fat Residue,817,0.11,357,0,6.487746562448202,3.2514703610896563,Biofuel
653,Plant-Based,Grain Husk,1377,0.15,211,0,6.5041914186759815,3.2967501481793784,Animal Feed
654,Plant-Based,Grain Husk,1602,0.28,165,0,6.641334195281535,3.3251271021678916,Animal Feed
655,Animal-Based,Poultry Residue,1273,0.8,7,0,6.6328732923063,3.301052460334981,Bioenergy
656,Animal-Based,Meat Trimmings,1829,0.7,10,0,6.46408123881721,3.206924839761626,Bioenergy
657,Plant-Based,Root/Tuber Peels,1782,0.71,33,1,6.451228513328526,3.38999407114003,Animal Feed
658,Oil & Fat,Animal Fat Residue,965,0.22,316,0,6.596967694602256,3.3251127268060943,Biofuel
659,Animal-Based,Meat Trimmings,721,0.79,8,0,6.5117168084401,3.3991496679524107,Bioenergy
660,Plant-Based,Vegetable Residue,1999,0.63,26,0,6.6749359259555465,3.2642457108672738,Compost
661,Oil & Fat,Animal Fat Residue,1167,0.13,290,0,6.661222237527208,3.4006414968489453,Biofuel
662,Plant-Based,Fruit Pulp,1587,0.9,31,0,6.573817591723475,3.426756925830556,Compost
663,Plant-Based,Root/Tuber Peels,1633,0.55,26,0,6.557012321344569,3.417678844335772,Animal Feed
664,Plant-Based,Vegetable Residue,1513,0.77,29,1,6.49043790749871,3.263130736931355,Compost
665,Plant-Based,Fruit Pulp,178,0.81,29,0,6.477915049057292,3.3852217049909923,Compost
666,Oil & Fat,Used Cooking Oil,1461,0.1,320,0,6.441467811556908,3.3069792665145434,Biofuel
667,Animal-Based,Fish Waste,1000,0.73,8,0,6.673080561887648,3.2153328359204925,Bioenergy
668,Animal-Based,Poultry Residue,1018,0.84,7,0,6.516564907300429,3.455093099246375,Bioenergy
669,Animal-Based,Poultry Residue,256,0.68,6,0,6.4036654083692275,3.358655696619853,Bioenergy
670,Plant-Based,Vegetable Residue,1415,0.79,42,0,6.626244155524597,3.443275957073862,Compost
671,Oil & Fat,Used Cooking Oil,1883,0.05,517,0,6.636172276607868,3.412915983495455,Biofuel
672,Animal-Based,Meat Trimmings,980,0.84,10,0,6.5166786067912,3.2614405397487727,Bioenergy
673,Oil & Fat,Used Cooking Oil,1305,0.07,292,0,6.649308376866877,3.25172678727069,Biofuel
674,Oil & Fat,Used Cooking Oil,988,0.14,378,0,6.535295878237853,3.4643722103137153,Biofuel
675,Animal-Based,Dairy Whey,1367,0.9,21,0,6.597362898515297,3.412081743453042,Animal Feed
676,Oil & Fat,Animal Fat Residue,614,0.13,233,0,6.530015960111745,3.472759513532667,Biofuel
677,Plant-Based,Root/Tuber Peels,574,0.7,31,0,6.609491236935853,3.22409739122733,Animal Feed
678,Animal-Based,Fish Waste,201,0.83,8,0,6.499357783970257,3.2150090494787413,Bioenergy
679,Animal-Based,Fish Waste,205,0.75,5,0,6.696223641836164,3.286760816821422,Bioenergy
680,Plant-Based,Grain Husk,215,0.12,192,1,6.407545487847044,3.401486528766258,Animal Feed
681,Oil & Fat,Animal Fat Residue,264,0.15,121,0,6.633117335943466,3.3089377554768373,Biofuel
682,Plant-Based,Fruit Pulp,631,0.85,16,0,6.4966790051846335,3.4817324734028077,Compost
683,Oil & Fat,Animal Fat Residue,441,0.21,138,1,6.619101246246832,3.4877505070126524,Biofuel
684,Animal-Based,Dairy Whey,1749,0.87,23,0,6.6111331652481145,3.339846844000702,Animal Feed
685,Animal-Based,Dairy Whey,1055,0.93,19,0,6.582606396546392,3.315901912063817,Animal Feed
686,Oil & Fat,Animal Fat Residue,491,0.16,132,1,6.448281666974379,3.2572831822780577,Biofuel
687,Plant-Based,Vegetable Residue,440,0.85,47,0,6.572448443134092,3.2944685872860306,Compost
688,Plant-Based,Vegetable Residue,1046,0.68,33,0,6.618457022632293,3.21382608316306,Compost
689,Plant-Based,Vegetable Residue,1864,0.64,41,1,6.589114202292795,3.2350367304851106,Compost
690,Animal-Based,Poultry Residue,1369,0.83,7,0,6.500711551396724,3.48010753526773,Bioenergy
691,Oil & Fat,Animal Fat Residue,1296,0.22,259,0,6.679450419308916,3.498131438939147,Biofuel
692,Plant-Based,Vegetable Residue,1470,0.84,37,0,6.486480755434161,3.3682609262740746,Compost
693,Plant-Based,Vegetable Residue,783,0.69,32,0,6.6791448182838,3.3682828900686994,Compost
694,Oil & Fat,Animal Fat Residue,1794,0.21,343,1,6.538599054055733,3.205638133483868,Biofuel
695,Oil & Fat,Used Cooking Oil,423,0.11,719,0,6.624266531330674,3.326844381352523,Biofuel
696,Plant-Based,Grain Husk,772,0.21,230,1,6.649877420010467,3.4645900670663523,Animal Feed
697,Plant-Based,Vegetable Residue,1606,0.67,38,0,6.438096435234386,3.2744823354887287,Compost
698,Plant-Based,Grain Husk,868,0.25,194,0,6.491190403296833,3.411511397495279,Animal Feed
699,Plant-Based,Root/Tuber Peels,574,0.56,49,0,6.6764345613196925,3.289660406840393,Animal Feed
700,Oil & Fat,Animal Fat Residue,1832,0.22,330,0,6.637937609346688,3.4758989715780766,Biofuel
701,Animal-Based,Meat Trimmings,1043,0.76,7,1,6.509731859472307,3.2808152090635994,Bioenergy
702,Animal-Based,Dairy Whey,742,0.85,13,0,6.644321385329618,3.4340707059079225,Animal Feed
703,Plant-Based,Grain Husk,1020,0.19,206,0,6.558408877560957,3.399282280321415,Animal Feed
704,Oil & Fat,Animal Fat Residue,1482,0.22,177,0,6.492247381070096,3.255750568887757,Biofuel
705,Plant-Based,Root/Tuber Peels,1760,0.64,37,0,6.520688203032659,3.228540057988449,Animal Feed
706,Oil & Fat,Used Cooking Oil,1561,0.13,477,0,6.415295894045805,3.4167763684759533,Biofuel
707,Plant-Based,Root/Tuber Peels,1606,0.5,64,1,6.680221962398461,3.271514160095844,Animal Feed
708,Oil & Fat,Animal Fat Residue,134,0.22,199,0,6.402519437709583,3.3960141032187954,Biofuel
709,Oil & Fat,Used Cooking Oil,86,0.11,234,0,6.471346198362987,3.3232628666059543,Biofuel
710,Oil & Fat,Used Cooking Oil,1715,0.12,554,0,6.663123784992913,3.276352614770086,Biofuel
711,Animal-Based,Fish Waste,838,0.87,6,0,6.493250632887209,3.4139502174067413,Bioenergy
712,Plant-Based,Fruit Pulp,243,0.85,30,0,6.64022903425033,3.259050558270959,Compost
713,Oil & Fat,Used Cooking Oil,1794,0.09,303,1,6.406041296594377,3.457953478044378,Biofuel
714,Plant-Based,Vegetable Residue,678,0.78,41,0,6.449668024574163,3.330479324293723,Compost
715,Animal-Based,Poultry Residue,1059,0.78,11,0,6.472735244409025,3.431058105663818,Bioenergy
716,Animal-Based,Fish Waste,1207,0.75,6,0,6.669902265052517,3.320375432551486,Bioenergy
717,Animal-Based,Fish Waste,218,0.73,9,0,6.492111219535571,3.272055923176606,Bioenergy
718,Oil & Fat,Used Cooking Oil,739,0.1,313,0,6.5475959534892025,3.477261649926282,Biofuel
719,Plant-Based,Grain Husk,191,0.13,178,0,6.463875853594039,3.460672641443984,Animal Feed
720,Oil & Fat,Used Cooking Oil,759,0.06,598,1,6.58590556112256,3.482216339897872,Biofuel
721,Oil & Fat,Used Cooking Oil,1335,0.12,513,0,6.511793219513156,3.2878756231468302,Biofuel
722,Plant-Based,Vegetable Residue,1706,0.73,24,0,6.645843086832238,3.209729206919819,Compost
723,Animal-Based,Fish Waste,1049,0.86,8,0,6.415173367011854,3.32194249141641,Bioenergy
724,Plant-Based,Root/Tuber Peels,241,0.78,59,0,6.534528006374195,3.24917929736129,Animal Feed
725,Plant-Based,Grain Husk,638,0.21,130,0,6.550467649857253,3.3498312838841082,Animal Feed
726,Animal-Based,Meat Trimmings,1389,0.77,8,0,6.453445131001089,3.2443148583426824,Bioenergy
727,Oil & Fat,Animal Fat Residue,621,0.21,124,0,6.606985528036011,3.433532607840478,Biofuel
728,Plant-Based,Root/Tuber Peels,186,0.69,42,0,6.6052787035099945,3.3362705488048015,Animal Feed
729,Animal-Based,Dairy Whey,1885,0.95,15,1,6.65033658654507,3.261944939611185,Animal Feed
730,Oil & Fat,Used Cooking Oil,1520,0.11,323,1,6.545508396020122,3.36688245123188,Biofuel
731,Oil & Fat,Animal Fat Residue,870,0.13,161,0,6.551571614712533,3.400094191140486,Biofuel
732,Oil & Fat,Used Cooking Oil,1582,0.11,353,0,6.586437414730037,3.298825350116408,Biofuel
733,Animal-Based,Dairy Whey,438,0.92,16,0,6.557558272612878,3.384967749289461,Animal Feed
734,Animal-Based,Meat Trimmings,1425,0.81,6,0,6.678956421932432,3.429767800494083,Bioenergy
735,Animal-Based,Fish Waste,61,0.78,6,1,6.617527392321373,3.402988162333785,Bioenergy
736,Animal-Based,Meat Trimmings,1322,0.74,6,0,6.50735139244681,3.309775073360321,Bioenergy
737,Plant-Based,Grain Husk,969,0.24,238,0,6.5712751780915655,3.3204078666993384,Animal Feed
738,Animal-Based,Poultry Residue,1405,0.84,9,0,6.583405653600206,3.284953228446357,Bioenergy
739,Oil & Fat,Animal Fat Residue,355,0.16,281,0,6.4457280518256805,3.425243881404809,Biofuel
740,Plant-Based,Grain Husk,790,0.21,187,0,6.636619764518043,3.2121604543390747,Animal Feed
741,Oil & Fat,Animal Fat Residue,1125,0.21,162,0,6.682707089194464,3.400636678662104,Biofuel
742,Animal-Based,Dairy Whey,842,0.92,20,0,6.409912522692929,3.4706352984559876,Animal Feed
743,Plant-Based,Vegetable Residue,897,0.64,37,1,6.478199779114434,3.227521141300109,Compost
744,Animal-Based,Fish Waste,1782,0.76,9,1,6.411342963135846,3.29688802885116,Bioenergy
745,Oil & Fat,Animal Fat Residue,1278,0.24,152,0,6.663586749205123,3.339833480088252,Biofuel
746,Oil & Fat,Used Cooking Oil,414,0.11,610,0,6.509046751320731,3.4525508018164692,Biofuel
747,Plant-Based,Root/Tuber Peels,1789,0.7,69,0,6.445575800808403,3.4666799674883912,Animal Feed
748,Oil & Fat,Animal Fat Residue,996,0.16,144,0,6.576769710180459,3.265835148133155,Biofuel
749,Oil & Fat,Used Cooking Oil,1461,0.06,682,0,6.552186004559589,3.2710253087724515,Biofuel
750,Plant-Based,Root/Tuber Peels,66,0.63,31,0,6.608514708390105,3.40945767121178,Animal Feed
751,Plant-Based,Fruit Pulp,1692,0.71,32,0,6.516702935849797,3.258903914408024,Compost
752,Plant-Based,Vegetable Residue,913,0.72,31,0,6.4068667187429265,3.385840423265158,Compost
753,Oil & Fat,Animal Fat Residue,777,0.18,192,0,6.401977335606394,3.4253730334089347,Biofuel
754,Plant-Based,Grain Husk,1786,0.11,203,1,6.48542957224521,3.435455000382636,Animal Feed
755,Animal-Based,Meat Trimmings,941,0.77,11,0,6.4327598107877035,3.242362537900111,Bioenergy
756,Animal-Based,Poultry Residue,784,0.68,11,0,6.625924306194247,3.4915438870575652,Bioenergy
757,Animal-Based,Dairy Whey,1889,0.89,12,0,6.602809289728132,3.38373608391265,Animal Feed
758,Plant-Based,Vegetable Residue,689,0.83,27,0,6.553489564901477,3.2646724229508717,Compost
759,Plant-Based,Vegetable Residue,1608,0.75,39,0,6.505322014363585,3.4240998199603103,Compost
760,Animal-Based,Fish Waste,463,0.75,5,0,6.466205542427027,3.3114171018085754,Bioenergy
761,Plant-Based,Grain Husk,908,0.11,214,0,6.510549679772418,3.4960644631238584,Animal Feed
762,Animal-Based,Fish Waste,968,0.86,7,0,6.464754855872831,3.3529556205663873,Bioenergy
763,Animal-Based,Fish Waste,433,0.81,9,1,6.528724574067036,3.3785072291743106,Bioenergy
764,Oil & Fat,Animal Fat Residue,1050,0.18,263,0,6.500410196290867,3.273890930741724,Biofuel
765,Plant-Based,Vegetable Residue,1985,0.66,43,0,6.477860887295148,3.424651917458955,Compost
766,Plant-Based,Fruit Pulp,453,0.87,32,0,6.534489279611337,3.3935319759292955,Compost
767,Plant-Based,Vegetable Residue,833,0.68,38,0,6.540118359842222,3.317534287613189,Compost
768,Plant-Based,Grain Husk,322,0.14,207,0,6.547779796720101,3.267106088373561,Animal Feed
769,Plant-Based,Grain Husk,714,0.18,145,1,6.671071807264789,3.3668731383436645,Animal Feed
770,Oil & Fat,Used Cooking Oil,573,0.14,679,1,6.674162323566106,3.223877604018296,Biofuel
771,Plant-Based,Grain Husk,1674,0.19,222,0,6.60951218010955,3.363638795111178,Animal Feed
772,Animal-Based,Poultry Residue,51,0.7,6,0,6.409091219024525,3.2023679747692984,Bioenergy
773,Plant-Based,Fruit Pulp,1447,0.9,22,0,6.678125029910061,3.226278474505138,Compost
774,Oil & Fat,Animal Fat Residue,1885,0.12,142,0,6.400420271390133,3.319111359204653,Biofuel
775,Animal-Based,Meat Trimmings,1697,0.78,8,0,6.4367501831394645,3.307073896077079,Bioenergy
776,Animal-Based,Dairy Whey,728,0.9,22,0,6.649789830289895,3.460699788041234,Animal Feed
777,Animal-Based,Dairy Whey,1430,0.87,14,1,6.460989976094883,3.3328182905004553,Animal Feed
778,Animal-Based,Dairy Whey,391,0.87,23,0,6.440085699254835,3.4348237861958673,Animal Feed
779,Plant-Based,Root/Tuber Peels,298,0.51,70,0,6.434039370638993,3.206425607280342,Animal Feed
780,Plant-Based,Root/Tuber Peels,1683,0.66,46,0,6.659820417145741,3.2163459234144955,Animal Feed
781,Oil & Fat,Animal Fat Residue,922,0.15,127,1,6.645390647960363,3.247618097438394,Biofuel
782,Oil & Fat,Used Cooking Oil,83,0.12,437,0,6.532310845041903,3.2251334471508892,Biofuel
783,Animal-Based,Meat Trimmings,1992,0.79,10,0,6.561358075773872,3.4044430832367896,Bioenergy
784,Plant-Based,Root/Tuber Peels,1770,0.73,40,0,6.57741210668995,3.300921825637594,Animal Feed
785,Animal-Based,Fish Waste,408,0.9,8,0,6.532570073928197,3.355443100013307,Bioenergy
786,Animal-Based,Poultry Residue,1981,0.75,8,0,6.671384820198869,3.312294451329453,Bioenergy
787,Plant-Based,Vegetable Residue,456,0.72,45,0,6.562831125448548,3.343515203490533,Compost
788,Oil & Fat,Animal Fat Residue,379,0.2,299,1,6.622782637888849,3.269686461870465,Biofuel
789,Oil & Fat,Animal Fat Residue,783,0.24,334,0,6.6866720146665894,3.360965060751125,Biofuel
790,Animal-Based,Dairy Whey,824,0.9,12,0,6.652613598766208,3.4722364170075024,Animal Feed
791,Plant-Based,Vegetable Residue,1546,0.68,39,0,6.681133995436752,3.206462863612146,Compost
792,Plant-Based,Fruit Pulp,343,0.82,18,0,6.5917500334168455,3.3657278983402885,Compost
793,Oil & Fat,Used Cooking Oil,1805,0.06,582,0,6.4795127453892265,3.3569307512043642,Biofuel
794,Plant-Based,Grain Husk,1784,0.19,226,0,6.537407791841771,3.2091820870167407,Animal Feed
795,Oil & Fat,Used Cooking Oil,153,0.08,623,0,6.477031297110884,3.2585031861426854,Biofuel
796,Plant-Based,Vegetable Residue,1661,0.72,42,0,6.649426945078064,3.359555083417054,Compost
797,Plant-Based,Vegetable Residue,998,0.73,40,1,6.478746058037918,3.3553445202341603,Compost
798,Animal-Based,Meat Trimmings,912,0.69,10,0,6.580050452728504,3.3820527606473285,Bioenergy
799,Animal-Based,Poultry Residue,1902,0.84,7,0,6.568548383278583,3.215852447010471,Bioenergy
800,Oil & Fat,Animal Fat Residue,648,0.24,143,0,6.598879855655889,3.279191327254719,Biofuel
801,Plant-Based,Grain Husk,1266,0.18,184,0,6.500136831462953,3.408574541497586,Animal Feed
802,Plant-Based,Root/Tuber Peels,603,0.53,53,1,6.668054547572979,3.455154380973445,Animal Feed
803,Animal-Based,Fish Waste,1002,0.71,4,0,6.460608642009668,3.293188099038927,Bioenergy
804,Animal-Based,Poultry Residue,1690,0.74,8,0,6.523753838877426,3.3757487873531002,Bioenergy
805,Animal-Based,Meat Trimmings,914,0.82,11,1,6.422365233499679,3.2293802861722765,Bioenergy
806,Oil & Fat,Animal Fat Residue,1290,0.23,169,0,6.621605329608929,3.4479630613032266,Biofuel
807,Plant-Based,Root/Tuber Peels,232,0.6,71,1,6.482014478238956,3.385841162763973,Animal Feed
808,Oil & Fat,Animal Fat Residue,221,0.2,234,0,6.575369002451594,3.2197442439136017,Biofuel
809,Plant-Based,Vegetable Residue,112,0.61,42,0,6.450978067350717,3.3863980935743734,Compost
810,Animal-Based,Poultry Residue,1759,0.84,9,0,6.477756085127794,3.312254384246089,Bioenergy
811,Plant-Based,Fruit Pulp,1795,0.71,14,0,6.519420870474255,3.3198231023049214,Compost
812,Oil & Fat,Animal Fat Residue,1630,0.13,218,0,6.437227078173774,3.407753047244686,Biofuel
813,Oil & Fat,Used Cooking Oil,1258,0.09,380,0,6.48532854120998,3.3367189271831554,Biofuel
814,Animal-Based,Poultry Residue,1729,0.74,6,0,6.433747303013728,3.42012008387702,Bioenergy
815,Oil & Fat,Used Cooking Oil,139,0.09,448,0,6.4931589977169555,3.2873282275544593,Biofuel
816,Oil & Fat,Animal Fat Residue,136,0.23,309,0,6.638217729463131,3.2193230532923702,Biofuel
817,Animal-Based,Fish Waste,357,0.87,5,0,6.447259184311496,3.2799912932326287,Bioenergy
818,Plant-Based,Root/Tuber Peels,833,0.54,59,0,6.497656475267569,3.457518501270564,Animal Feed
819,Animal-Based,Poultry Residue,290,0.66,6,0,6.475385498976811,3.414652795884023,Bioenergy
820,Oil & Fat,Animal Fat Residue,1116,0.13,338,0,6.455175878042416,3.355111607402732,Biofuel
821,Oil & Fat,Used Cooking Oil,1957,0.14,642,0,6.401130858578258,3.4952614378113407,Biofuel
822,Animal-Based,Dairy Whey,162,0.9,8,1,6.552175043666112,3.4246851194571915,Animal Feed
823,Plant-Based,Grain Husk,877,0.17,177,0,6.458330686615463,3.2302109178348033,Animal Feed
824,Oil & Fat,Used Cooking Oil,1352,0.11,176,0,6.478510714071444,3.244533145574914,Biofuel
825,Plant-Based,Root/Tuber Peels,1694,0.74,51,0,6.44569103597209,3.4592552960630827,Animal Feed
826,Animal-Based,Meat Trimmings,1176,0.8,9,0,6.526187537215998,3.3258050741086658,Bioenergy
827,Animal-Based,Dairy Whey,63,0.91,17,0,6.578268487063394,3.2728066295132456,Animal Feed
828,Animal-Based,Fish Waste,1192,0.85,9,0,6.613668555184672,3.2441185818505462,Bioenergy
829,Animal-Based,Dairy Whey,59,0.88,23,0,6.403712571237444,3.451540476442905,Animal Feed
830,Oil & Fat,Animal Fat Residue,708,0.2,201,0,6.626310463091612,3.256101287397135,Biofuel
831,Animal-Based,Poultry Residue,1044,0.85,6,0,6.539061506541869,3.3664486709293167,Bioenergy
832,Oil & Fat,Animal Fat Residue,454,0.16,170,0,6.693177159074255,3.3615985619520106,Biofuel
833,Plant-Based,Fruit Pulp,898,0.77,29,0,6.508210656502096,3.301451608525319,Compost
834,Animal-Based,Meat Trimmings,1070,0.73,7,1,6.404890762072156,3.3736805243910477,Bioenergy
835,Oil & Fat,Used Cooking Oil,1790,0.1,501,0,6.613399390394054,3.3722926022778,Biofuel
836,Animal-Based,Poultry Residue,258,0.81,10,0,6.623647638091625,3.2272060132210916,Bioenergy
837,Plant-Based,Root/Tuber Peels,223,0.51,26,0,6.44666312090458,3.492595817706991,Animal Feed
838,Oil & Fat,Used Cooking Oil,1489,0.14,228,0,6.633562147028553,3.398692305689583,Biofuel
839,Plant-Based,Vegetable Residue,1164,0.77,44,1,6.55171016048718,3.4336945534412764,Compost
840,Oil & Fat,Used Cooking Oil,508,0.06,297,0,6.670573233040264,3.228617660116547,Biofuel
841,Plant-Based,Vegetable Residue,453,0.72,42,0,6.542476230650115,3.239908707522917,Compost
842,Plant-Based,Vegetable Residue,1944,0.69,32,0,6.632853619867839,3.267679167453272,Compost
843,Animal-Based,Meat Trimmings,247,0.77,11,0,6.504266849098852,3.3546354667635887,Bioenergy
844,Oil & Fat,Animal Fat Residue,372,0.19,172,0,6.4217824161605375,3.402030676818746,Biofuel
845,Plant-Based,Grain Husk,1492,0.22,156,0,6.437214158337946,3.4371815275949067,Animal Feed
846,Oil & Fat,Animal Fat Residue,1352,0.1,250,0,6.573475438456957,3.323428524009964,Biofuel
847,Animal-Based,Meat Trimmings,789,0.71,9,0,6.604370164182045,3.382600672585947,Bioenergy
848,Animal-Based,Fish Waste,804,0.72,4,0,6.4419865813425945,3.4099539650686648,Bioenergy
849,Plant-Based,Fruit Pulp,1497,0.83,29,0,6.530621285922993,3.280159765212638,Compost
850,Plant-Based,Vegetable Residue,1880,0.66,37,0,6.5271069798581625,3.325725266031874,Compost
851,Animal-Based,Fish Waste,1917,0.82,5,0,6.436595781221199,3.423909851337857,Bioenergy
852,Animal-Based,Dairy Whey,1358,0.88,17,0,6.632969274717798,3.4965676195006603,Animal Feed
853,Oil & Fat,Animal Fat Residue,1110,0.22,237,0,6.694696286851248,3.3092912373023706,Biofuel
854,Animal-Based,Meat Trimmings,1308,0.66,9,0,6.642739309830485,3.3678386923682533,Bioenergy
855,Oil & Fat,Used Cooking Oil,199,0.13,196,0,6.612155283406348,3.4282324020761923,Biofuel
856,Oil & Fat,Used Cooking Oil,612,0.11,664,0,6.479171665787133,3.3127864244849716,Biofuel
857,Animal-Based,Poultry Residue,683,0.67,11,0,6.5079140806935545,3.4759544614543785,Bioenergy
858,Animal-Based,Dairy Whey,389,0.91,20,0,6.452161218726277,3.203839146699795,Animal Feed
859,Plant-Based,Grain Husk,1021,0.17,180,0,6.475717496897835,3.350958254808323,Animal Feed
860,Plant-Based,Grain Husk,752,0.13,143,0,6.559017244855095,3.2078722968525946,Animal Feed
861,Animal-Based,Meat Trimmings,1957,0.82,6,1,6.651111626098555,3.3936454198099804,Bioenergy
862,Plant-Based,Root/Tuber Peels,966,0.54,53,0,6.598679717221538,3.211641506123615,Animal Feed
863,Animal-Based,Meat Trimmings,918,0.79,10,0,6.4222987620843535,3.2390417804809664,Bioenergy
864,Plant-Based,Grain Husk,1042,0.24,210,0,6.663601295655268,3.423634620609585,Animal Feed
865,Plant-Based,Fruit Pulp,331,0.73,30,0,6.612792062442378,3.2248064405927743,Compost
866,Animal-Based,Poultry Residue,899,0.72,8,0,6.4252573327326505,3.2734383567808774,Bioenergy
867,Animal-Based,Meat Trimmings,1696,0.72,8,0,6.447972531669562,3.3994393076395806,Bioenergy
868,Animal-Based,Fish Waste,955,0.9,7,1,6.564211674557032,3.3992524828348247,Bioenergy
869,Oil & Fat,Animal Fat Residue,814,0.23,353,0,6.666684815862318,3.304216238429486,Biofuel
870,Plant-Based,Root/Tuber Peels,268,0.74,34,0,6.43529250181875,3.401690215076726,Animal Feed
871,Oil & Fat,Used Cooking Oil,53,0.06,231,0,6.554659500773708,3.3816505091501816,Biofuel
872,Oil & Fat,Used Cooking Oil,1950,0.09,491,1,6.55510337119343,3.4390513516561896,Biofuel
873,Oil & Fat,Used Cooking Oil,1078,0.15,525,0,6.609063741303977,3.2833994179199966,Biofuel
874,Animal-Based,Fish Waste,1045,0.76,4,0,6.417268662915057,3.306342415659196,Bioenergy
875,Animal-Based,Meat Trimmings,1540,0.82,9,0,6.509427785905604,3.207491983841393,Bioenergy
876,Plant-Based,Vegetable Residue,570,0.74,33,0,6.4293565486935185,3.283116090288121,Compost
877,Plant-Based,Root/Tuber Peels,71,0.56,68,0,6.664879522287673,3.216389701564831,Animal Feed
878,Oil & Fat,Animal Fat Residue,485,0.14,319,0,6.472312007235269,3.2251898729422015,Biofuel
879,Oil & Fat,Used Cooking Oil,253,0.11,553,0,6.493806714953162,3.2118114546537524,Biofuel
880,Animal-Based,Fish Waste,1373,0.76,7,1,6.5776967716624455,3.3152784280079755,Bioenergy
881,Oil & Fat,Animal Fat Residue,192,0.14,188,0,6.400563783732305,3.3578476120640017,Biofuel
882,Plant-Based,Grain Husk,1520,0.3,209,0,6.6286747973766715,3.3258528734844086,Animal Feed
883,Oil & Fat,Used Cooking Oil,1072,0.07,440,0,6.49091292455473,3.2626839472584677,Biofuel
884,Plant-Based,Fruit Pulp,1023,0.79,31,0,6.455517685418479,3.239657922191168,Compost
885,Animal-Based,Poultry Residue,503,0.66,9,0,6.633474582100131,3.2095693635267843,Bioenergy
886,Animal-Based,Fish Waste,83,0.89,5,0,6.55160311809598,3.233776481604058,Bioenergy
887,Animal-Based,Dairy Whey,1598,0.9,18,0,6.409011988604851,3.334087108491659,Animal Feed
888,Animal-Based,Fish Waste,1909,0.83,4,0,6.649471084934773,3.2377948879575165,Bioenergy
889,Oil & Fat,Used Cooking Oil,935,0.07,559,0,6.594758779318211,3.468548358311383,Biofuel
890,Oil & Fat,Animal Fat Residue,1016,0.15,178,0,6.405793375888381,3.4786157747833086,Biofuel
891,Plant-Based,Grain Husk,1761,0.17,199,0,6.671798516707654,3.462554101055126,Animal Feed
892,Oil & Fat,Animal Fat Residue,1884,0.21,202,0,6.495557174598624,3.297596194041323,Biofuel
893,Animal-Based,Poultry Residue,962,0.8,8,0,6.616297397694725,3.2064905394465826,Bioenergy
894,Plant-Based,Vegetable Residue,464,0.61,29,0,6.5410764031712345,3.4514183749460043,Compost
895,Oil & Fat,Used Cooking Oil,1033,0.06,614,0,6.556644413163224,3.2727199394010187,Biofuel
896,Animal-Based,Fish Waste,296,0.78,6,0,6.506721855705316,3.2477645650927003,Bioenergy
897,Plant-Based,Grain Husk,410,0.29,181,0,6.522821343499532,3.3377731491729277,Animal Feed
898,Plant-Based,Fruit Pulp,204,0.87,27,0,6.506045174264635,3.2405768608587953,Compost
899,Animal-Based,Poultry Residue,1044,0.76,6,0,6.672022582894103,3.359778439358874,Bioenergy
900,Plant-Based,Root/Tuber Peels,735,0.51,29,0,6.503404888930506,3.381080845989484,Animal Feed
901,Plant-Based,Fruit Pulp,735,0.77,21,0,6.659784110612094,3.459249115539053,Compost
902,Oil & Fat,Animal Fat Residue,438,0.2,237,0,6.495636195785888,3.2391077276210836,Biofuel
903,Plant-Based,Grain Husk,442,0.21,214,0,6.6067914472233955,3.218362294724172,Animal Feed
904,Animal-Based,Dairy Whey,1563,0.89,20,0,6.614665879934434,3.399934239561661,Animal Feed
905,Animal-Based,Dairy Whey,820,0.89,14,0,6.69001315305949,3.37131784318029,Animal Feed
906,Oil & Fat,Used Cooking Oil,1295,0.12,500,0,6.491752690586392,3.3093359670100106,Biofuel
907,Plant-Based,Grain Husk,804,0.28,185,0,6.567991280023925,3.283859472048315,Animal Feed
908,Animal-Based,Poultry Residue,1177,0.74,9,0,6.43349996090892,3.4284603779620775,Bioenergy
909,Oil & Fat,Animal Fat Residue,1638,0.16,248,0,6.636660974773343,3.3680134553876138,Biofuel
910,Animal-Based,Dairy Whey,931,0.93,12,0,6.42648095028628,3.2188407724600863,Animal Feed
911,Animal-Based,Meat Trimmings,1212,0.74,9,0,6.570190769674786,3.2168376304185355,Bioenergy
912,Animal-Based,Poultry Residue,127,0.74,8,0,6.447872370840535,3.4745351339322066,Bioenergy
913,Plant-Based,Fruit Pulp,1742,0.86,32,0,6.553996447329472,3.345787095193695,Compost
914,Animal-Based,Fish Waste,1994,0.78,4,1,6.577459488283257,3.3501036945395524,Bioenergy
915,Animal-Based,Meat Trimmings,1307,0.76,8,0,6.62592921571587,3.455267756704962,Bioenergy
916,Oil & Fat,Used Cooking Oil,942,0.12,523,0,6.645236911525355,3.2032711004744856,Biofuel
917,Animal-Based,Meat Trimmings,785,0.74,6,0,6.644856628970297,3.330874946897012,Bioenergy
918,Oil & Fat,Used Cooking Oil,390,0.07,615,0,6.6870562417050925,3.389149834177392,Biofuel
919,Plant-Based,Grain Husk,1721,0.17,151,0,6.4340415001751845,3.4127808647314826,Animal Feed
920,Animal-Based,Dairy Whey,1872,0.86,13,0,6.5816415426859605,3.2337566042495607,Animal Feed
921,Plant-Based,Grain Husk,828,0.27,221,1,6.591310587652235,3.3428634920268543,Animal Feed
922,Plant-Based,Root/Tuber Peels,1108,0.78,55,0,6.683276056167129,3.4380248344254154,Animal Feed
923,Oil & Fat,Used Cooking Oil,60,0.09,308,1,6.635298692277097,3.4620999741050498,Biofuel
924,Plant-Based,Grain Husk,320,0.24,164,0,6.650242745584803,3.44529323031575,Animal Feed
925,Animal-Based,Dairy Whey,1018,0.94,17,1,6.661008422923709,3.485369641730181,Animal Feed
926,Animal-Based,Meat Trimmings,1095,0.7,9,0,6.408812137547384,3.441592605638707,Bioenergy
927,Oil & Fat,Animal Fat Residue,1676,0.2,298,1,6.636076779738285,3.4413955170205144,Biofuel
928,Animal-Based,Poultry Residue,1830,0.66,7,1,6.602310888829025,3.2807372575502027,Bioenergy
929,Plant-Based,Root/Tuber Peels,1268,0.69,55,0,6.478549282471683,3.2401157994736534,Animal Feed
930,Animal-Based,Fish Waste,1926,0.72,5,1,6.409329112631493,3.3252146935263913,Bioenergy
931,Animal-Based,Fish Waste,1935,0.73,7,0,6.491938445919468,3.289029311633448,Bioenergy
932,Animal-Based,Fish Waste,211,0.79,8,1,6.561939813411814,3.300790102115496,Bioenergy
933,Animal-Based,Meat Trimmings,1699,0.68,10,0,6.680392324561791,3.499062728170176,Bioenergy
934,Plant-Based,Vegetable Residue,1151,0.79,33,1,6.523160227398158,3.2981144734224332,Compost
935,Animal-Based,Fish Waste,1610,0.82,8,0,6.521403095676311,3.350921666713865,Bioenergy
936,Plant-Based,Fruit Pulp,674,0.73,22,0,6.430077967802584,3.41198805055992,Compost
937,Animal-Based,Dairy Whey,681,0.88,22,0,6.53080704265165,3.2868927842675286,Animal Feed
938,Plant-Based,Vegetable Residue,1588,0.62,47,0,6.518946161820749,3.380424816088571,Compost
939,Plant-Based,Root/Tuber Peels,1899,0.52,57,0,6.482228431802931,3.271016457304245,Animal Feed
940,Plant-Based,Vegetable Residue,1975,0.78,27,0,6.459423655005307,3.3560565420441453,Compost
941,Animal-Based,Poultry Residue,458,0.8,7,0,6.474254881569501,3.324974185847346,Bioenergy
942,Animal-Based,Meat Trimmings,373,0.78,6,0,6.435713488662758,3.2381215830388075,Bioenergy
943,Animal-Based,Poultry Residue,1062,0.66,6,0,6.620816462621945,3.49994126191768,Bioenergy
944,Oil & Fat,Animal Fat Residue,1210,0.12,310,0,6.61237543908037,3.216482316055703,Biofuel
945,Plant-Based,Vegetable Residue,1731,0.62,30,0,6.60665802278986,3.279058673675097,Compost
946,Plant-Based,Root/Tuber Peels,1088,0.53,44,0,6.524631700771601,3.272367442918239,Animal Feed
947,Animal-Based,Dairy Whey,1535,0.92,8,0,6.404450817642217,3.367223199560399,Animal Feed
948,Oil & Fat,Animal Fat Residue,656,0.22,333,0,6.60652858528061,3.2910156199958465,Biofuel
949,Plant-Based,Vegetable Residue,1583,0.82,44,0,6.5451562028396975,3.285532025748563,Compost
950,Plant-Based,Fruit Pulp,1601,0.76,24,0,6.598190828861851,3.38815891631678,Compost
951,Oil & Fat,Animal Fat Residue,1436,0.21,336,0,6.6629550491520835,3.3108987031583044,Biofuel
952,Oil & Fat,Used Cooking Oil,1533,0.11,649,0,6.505465612719504,3.2067377626185496,Biofuel
953,Plant-Based,Fruit Pulp,898,0.75,29,0,6.588483832250869,3.4165103693614585,Compost
954,Plant-Based,Fruit Pulp,1428,0.86,23,1,6.640274269580225,3.345827145936782,Compost
955,Oil & Fat,Animal Fat Residue,1703,0.11,217,0,6.436524368492298,3.2642195896312085,Biofuel
956,Animal-Based,Fish Waste,1030,0.81,6,0,6.469953061466288,3.379152801971497,Bioenergy
957,Oil & Fat,Used Cooking Oil,146,0.11,589,0,6.651003329157089,3.3247318614047057,Biofuel
958,Animal-Based,Fish Waste,384,0.71,4,0,6.486972216104469,3.366999372577754,Bioenergy
959,Animal-Based,Fish Waste,1858,0.81,8,0,6.472974108445738,3.287898982240797,Bioenergy
960,Animal-Based,Fish Waste,993,0.82,5,0,6.679308317455139,3.343168766431955,Bioenergy
961,Animal-Based,Fish Waste,1789,0.74,5,0,6.650443766524626,3.3824890404578842,Bioenergy
962,Animal-Based,Dairy Whey,1825,0.93,13,0,6.461117534698873,3.439850255024243,Animal Feed
963,Oil & Fat,Animal Fat Residue,319,0.15,237,1,6.601588504894457,3.247549910842366,Biofuel
964,Animal-Based,Dairy Whey,1995,0.94,18,1,6.466406743334704,3.4235059155375973,Animal Feed
965,Animal-Based,Dairy Whey,734,0.88,21,1,6.647526851743166,3.3850507373829872,Animal Feed
966,Oil & Fat,Used Cooking Oil,256,0.14,523,0,6.4816104886854395,3.2671230251353185,Biofuel
967,Oil & Fat,Used Cooking Oil,749,0.14,210,1,6.557735136297831,3.4098002259865625,Biofuel
968,Animal-Based,Fish Waste,885,0.73,5,0,6.425451486923383,3.480206961922836,Bioenergy
969,Animal-Based,Meat Trimmings,1334,0.76,6,0,6.512336376919627,3.209787678119356,Bioenergy
970,Oil & Fat,Animal Fat Residue,709,0.14,187,0,6.5229135485372005,3.2546441876592747,Biofuel
971,Oil & Fat,Animal Fat Residue,1426,0.12,262,0,6.430478432963482,3.411290509553142,Biofuel
972,Animal-Based,Fish Waste,1468,0.82,5,0,6.585625948686303,3.30594877938892,Bioenergy
973,Animal-Based,Poultry Residue,1240,0.75,8,0,6.595265354680959,3.4530952459981856,Bioenergy
974,Oil & Fat,Animal Fat Residue,1587,0.2,341,0,6.432696941335091,3.382480891748507,Biofuel
975,Oil & Fat,Used Cooking Oil,1296,0.06,684,0,6.438907967638898,3.347935512796452,Biofuel
976,Oil & Fat,Animal Fat Residue,1038,0.2,122,1,6.685765814806665,3.3224921050457628,Biofuel
977,Animal-Based,Meat Trimmings,343,0.73,8,0,6.468561803841889,3.358121758506877,Bioenergy
978,Plant-Based,Grain Husk,198,0.3,132,0,6.420569065185558,3.383505214449937,Animal Feed
979,Plant-Based,Root/Tuber Peels,575,0.67,27,0,6.5801222712811755,3.2476245291470804,Animal Feed
980,Oil & Fat,Used Cooking Oil,109,0.12,609,0,6.475733160393759,3.3472028582270794,Biofuel
981,Oil & Fat,Used Cooking Oil,1609,0.05,367,0,6.521496260796238,3.4822837996755385,Biofuel
982,Oil & Fat,Used Cooking Oil,1993,0.06,397,0,6.690722994889811,3.3034885841702835,Biofuel
983,Animal-Based,Poultry Residue,1366,0.75,6,0,6.65565792260047,3.4149356347347264,Bioenergy
984,Animal-Based,Poultry Residue,1984,0.81,6,0,6.6355182136878,3.460394802955854,Bioenergy
985,Animal-Based,Poultry Residue,676,0.83,6,0,6.612251621233507,3.2614228186283407,Bioenergy
986,Animal-Based,Fish Waste,644,0.76,5,0,6.427677596992549,3.4119942256229017,Bioenergy
987,Animal-Based,Meat Trimmings,1367,0.66,6,0,6.620703805340897,3.228192299896623,Bioenergy
988,Animal-Based,Dairy Whey,1560,0.92,12,0,6.478884278838199,3.362482148331468,Animal Feed
989,Animal-Based,Fish Waste,1980,0.82,6,0,6.415628441571605,3.4126731419270078,Bioenergy
990,Animal-Based,Dairy Whey,1213,0.86,10,0,6.519092601422738,3.2676381313195186,Animal Feed
991,Plant-Based,Vegetable Residue,528,0.68,43,1,6.5925536190662655,3.33806771757234,Compost
992,Oil & Fat,Used Cooking Oil,1423,0.14,571,0,6.532900357604375,3.433275133426861,Biofuel
993,Animal-Based,Fish Waste,1810,0.77,6,0,6.652730193258767,3.2244697705313343,Bioenergy
994,Oil & Fat,Animal Fat Residue,832,0.21,233,0,6.647622881655533,3.4253486135214404,Biofuel
995,Plant-Based,Grain Husk,617,0.13,224,0,6.640812856459726,3.2206020044357335,Animal Feed
996,Animal-Based,Dairy Whey,992,0.88,15,0,6.537684946221614,3.431426573494878,Animal Feed
997,Animal-Based,Poultry Residue,332,0.77,11,0,6.651094448376844,3.390275918884398,Bioenergy
998,Plant-Based,Grain Husk,1549,0.21,135,0,6.633624546089502,3.2693886219064914,Animal Feed
999,Plant-Based,Grain Husk,1798,0.11,177,1,6.437173542738483,3.3900799824537113,Animal Feed
1000,Oil & Fat,Animal Fat Residue,1418,0.12,243,0,6.512820957862743,3.3681495139778583,Biofuel
